"Locus","Auto","N_Missing","Markers","Pos","Het","Neg","Missing","Pos_Annot","Het_Annot","Neg_Annot","Missing_Annot"
"Rht24",TRUE,3,"CHS21_6A405486311:CHS21_6A413094793:CHS21_6A422876732:CHS21_6A434765824:CHS21_6A434778828","G:T:C:A:A_N:T:C:A:A_G:N:C:A:A_N:N:C:A:A_G:T:N:A:A_N:T:N:A:A_G:N:N:A:A_N:N:N:A:A_G:T:C:N:A_N:T:C:N:A_G:N:C:N:A_N:N:C:N:A_G:T:N:N:A_N:T:N:N:A_G:N:N:N:A_G:T:C:A:N_N:T:C:A:N_G:N:C:A:N_N:N:C:A:N_G:T:N:A:N_N:T:N:A:N_G:N:N:A:N_G:T:C:N:N_N:T:C:N:N_G:N:C:N:N_G:T:N:N:N","R:T:C:A:A_G:W:C:A:A_R:W:C:A:A_N:W:C:A:A_R:N:C:A:A_G:T:S:A:A_R:T:S:A:A_N:T:S:A:A_G:W:S:A:A_R:W:S:A:A_N:W:S:A:A_G:N:S:A:A_R:N:S:A:A_N:N:S:A:A_R:T:N:A:A_G:W:N:A:A_R:W:N:A:A_N:W:N:A:A_R:N:N:A:A_G:T:C:R:A_R:T:C:R:A_N:T:C:R:A_G:W:C:R:A_R:W:C:R:A_N:W:C:R:A_G:N:C:R:A_R:N:C:R:A_N:N:C:R:A_G:T:S:R:A_R:T:S:R:A_N:T:S:R:A_G:W:S:R:A_R:W:S:R:A_N:W:S:R:A_G:N:S:R:A_R:N:S:R:A_N:N:S:R:A_G:T:N:R:A_R:T:N:R:A_N:T:N:R:A_G:W:N:R:A_R:W:N:R:A_N:W:N:R:A_G:N:N:R:A_R:N:N:R:A_N:N:N:R:A_R:T:C:N:A_G:W:C:N:A_R:W:C:N:A_N:W:C:N:A_R:N:C:N:A_G:T:S:N:A_R:T:S:N:A_N:T:S:N:A_G:W:S:N:A_R:W:S:N:A_N:W:S:N:A_G:N:S:N:A_R:N:S:N:A_N:N:S:N:A_R:T:N:N:A_G:W:N:N:A_R:W:N:N:A_N:W:N:N:A_R:N:N:N:A_G:T:C:A:R_R:T:C:A:R_N:T:C:A:R_G:W:C:A:R_R:W:C:A:R_N:W:C:A:R_G:N:C:A:R_R:N:C:A:R_N:N:C:A:R_G:T:S:A:R_R:T:S:A:R_N:T:S:A:R_G:W:S:A:R_R:W:S:A:R_N:W:S:A:R_G:N:S:A:R_R:N:S:A:R_N:N:S:A:R_G:T:N:A:R_R:T:N:A:R_N:T:N:A:R_G:W:N:A:R_R:W:N:A:R_N:W:N:A:R_G:N:N:A:R_R:N:N:A:R_N:N:N:A:R_G:T:C:R:R_R:T:C:R:R_N:T:C:R:R_G:W:C:R:R_R:W:C:R:R_N:W:C:R:R_G:N:C:R:R_R:N:C:R:R_N:N:C:R:R_G:T:S:R:R_R:T:S:R:R_N:T:S:R:R_G:W:S:R:R_R:W:S:R:R_N:W:S:R:R_G:N:S:R:R_R:N:S:R:R_N:N:S:R:R_G:T:N:R:R_R:T:N:R:R_N:T:N:R:R_G:W:N:R:R_R:W:N:R:R_N:W:N:R:R_G:N:N:R:R_R:N:N:R:R_N:N:N:R:R_G:T:C:N:R_R:T:C:N:R_N:T:C:N:R_G:W:C:N:R_R:W:C:N:R_N:W:C:N:R_G:N:C:N:R_R:N:C:N:R_N:N:C:N:R_G:T:S:N:R_R:T:S:N:R_N:T:S:N:R_G:W:S:N:R_R:W:S:N:R_N:W:S:N:R_G:N:S:N:R_R:N:S:N:R_N:N:S:N:R_G:T:N:N:R_R:T:N:N:R_N:T:N:N:R_G:W:N:N:R_R:W:N:N:R_N:W:N:N:R_G:N:N:N:R_R:N:N:N:R_R:T:C:A:N_G:W:C:A:N_R:W:C:A:N_N:W:C:A:N_R:N:C:A:N_G:T:S:A:N_R:T:S:A:N_N:T:S:A:N_G:W:S:A:N_R:W:S:A:N_N:W:S:A:N_G:N:S:A:N_R:N:S:A:N_N:N:S:A:N_R:T:N:A:N_G:W:N:A:N_R:W:N:A:N_N:W:N:A:N_R:N:N:A:N_G:T:C:R:N_R:T:C:R:N_N:T:C:R:N_G:W:C:R:N_R:W:C:R:N_N:W:C:R:N_G:N:C:R:N_R:N:C:R:N_N:N:C:R:N_G:T:S:R:N_R:T:S:R:N_N:T:S:R:N_G:W:S:R:N_R:W:S:R:N_N:W:S:R:N_G:N:S:R:N_R:N:S:R:N_N:N:S:R:N_G:T:N:R:N_R:T:N:R:N_N:T:N:R:N_G:W:N:R:N_R:W:N:R:N_N:W:N:R:N_G:N:N:R:N_R:N:N:R:N_R:T:C:N:N_G:W:C:N:N_R:W:C:N:N_N:W:C:N:N_R:N:C:N:N_G:T:S:N:N_R:T:S:N:N_N:T:S:N:N_G:W:S:N:N_R:W:S:N:N_N:W:S:N:N_G:N:S:N:N_R:N:S:N:N_R:T:N:N:N_G:W:N:N:N_R:W:N:N:N","A:T:C:A:A_A:W:C:A:A_G:A:C:A:A_R:A:C:A:A_A:A:C:A:A_N:A:C:A:A_A:N:C:A:A_A:T:S:A:A_A:W:S:A:A_G:A:S:A:A_R:A:S:A:A_A:A:S:A:A_N:A:S:A:A_A:N:S:A:A_G:T:G:A:A_R:T:G:A:A_A:T:G:A:A_N:T:G:A:A_G:W:G:A:A_R:W:G:A:A_A:W:G:A:A_N:W:G:A:A_G:A:G:A:A_R:A:G:A:A_A:A:G:A:A_N:A:G:A:A_G:N:G:A:A_R:N:G:A:A_A:N:G:A:A_N:N:G:A:A_A:T:N:A:A_A:W:N:A:A_G:A:N:A:A_R:A:N:A:A_A:A:N:A:A_N:A:N:A:A_A:N:N:A:A_A:T:C:R:A_A:W:C:R:A_G:A:C:R:A_R:A:C:R:A_A:A:C:R:A_N:A:C:R:A_A:N:C:R:A_A:T:S:R:A_A:W:S:R:A_G:A:S:R:A_R:A:S:R:A_A:A:S:R:A_N:A:S:R:A_A:N:S:R:A_G:T:G:R:A_R:T:G:R:A_A:T:G:R:A_N:T:G:R:A_G:W:G:R:A_R:W:G:R:A_A:W:G:R:A_N:W:G:R:A_G:A:G:R:A_R:A:G:R:A_A:A:G:R:A_N:A:G:R:A_G:N:G:R:A_R:N:G:R:A_A:N:G:R:A_N:N:G:R:A_A:T:N:R:A_A:W:N:R:A_G:A:N:R:A_R:A:N:R:A_A:A:N:R:A_N:A:N:R:A_A:N:N:R:A_G:T:C:G:A_R:T:C:G:A_A:T:C:G:A_N:T:C:G:A_G:W:C:G:A_R:W:C:G:A_A:W:C:G:A_N:W:C:G:A_G:A:C:G:A_R:A:C:G:A_A:A:C:G:A_N:A:C:G:A_G:N:C:G:A_R:N:C:G:A_A:N:C:G:A_N:N:C:G:A_G:T:S:G:A_R:T:S:G:A_A:T:S:G:A_N:T:S:G:A_G:W:S:G:A_R:W:S:G:A_A:W:S:G:A_N:W:S:G:A_G:A:S:G:A_R:A:S:G:A_A:A:S:G:A_N:A:S:G:A_G:N:S:G:A_R:N:S:G:A_A:N:S:G:A_N:N:S:G:A_G:T:G:G:A_R:T:G:G:A_A:T:G:G:A_N:T:G:G:A_G:W:G:G:A_R:W:G:G:A_A:W:G:G:A_N:W:G:G:A_G:A:G:G:A_R:A:G:G:A_A:A:G:G:A_N:A:G:G:A_G:N:G:G:A_R:N:G:G:A_A:N:G:G:A_N:N:G:G:A_G:T:N:G:A_R:T:N:G:A_A:T:N:G:A_N:T:N:G:A_G:W:N:G:A_R:W:N:G:A_A:W:N:G:A_N:W:N:G:A_G:A:N:G:A_R:A:N:G:A_A:A:N:G:A_N:A:N:G:A_G:N:N:G:A_R:N:N:G:A_A:N:N:G:A_N:N:N:G:A_A:T:C:N:A_A:W:C:N:A_G:A:C:N:A_R:A:C:N:A_A:A:C:N:A_N:A:C:N:A_A:N:C:N:A_A:T:S:N:A_A:W:S:N:A_G:A:S:N:A_R:A:S:N:A_A:A:S:N:A_N:A:S:N:A_A:N:S:N:A_G:T:G:N:A_R:T:G:N:A_A:T:G:N:A_N:T:G:N:A_G:W:G:N:A_R:W:G:N:A_A:W:G:N:A_N:W:G:N:A_G:A:G:N:A_R:A:G:N:A_A:A:G:N:A_N:A:G:N:A_G:N:G:N:A_R:N:G:N:A_A:N:G:N:A_N:N:G:N:A_A:T:N:N:A_A:W:N:N:A_G:A:N:N:A_R:A:N:N:A_A:A:N:N:A_N:A:N:N:A_A:N:N:N:A_A:T:C:A:R_A:W:C:A:R_G:A:C:A:R_R:A:C:A:R_A:A:C:A:R_N:A:C:A:R_A:N:C:A:R_A:T:S:A:R_A:W:S:A:R_G:A:S:A:R_R:A:S:A:R_A:A:S:A:R_N:A:S:A:R_A:N:S:A:R_G:T:G:A:R_R:T:G:A:R_A:T:G:A:R_N:T:G:A:R_G:W:G:A:R_R:W:G:A:R_A:W:G:A:R_N:W:G:A:R_G:A:G:A:R_R:A:G:A:R_A:A:G:A:R_N:A:G:A:R_G:N:G:A:R_R:N:G:A:R_A:N:G:A:R_N:N:G:A:R_A:T:N:A:R_A:W:N:A:R_G:A:N:A:R_R:A:N:A:R_A:A:N:A:R_N:A:N:A:R_A:N:N:A:R_A:T:C:R:R_A:W:C:R:R_G:A:C:R:R_R:A:C:R:R_A:A:C:R:R_N:A:C:R:R_A:N:C:R:R_A:T:S:R:R_A:W:S:R:R_G:A:S:R:R_R:A:S:R:R_A:A:S:R:R_N:A:S:R:R_A:N:S:R:R_G:T:G:R:R_R:T:G:R:R_A:T:G:R:R_N:T:G:R:R_G:W:G:R:R_R:W:G:R:R_A:W:G:R:R_N:W:G:R:R_G:A:G:R:R_R:A:G:R:R_A:A:G:R:R_N:A:G:R:R_G:N:G:R:R_R:N:G:R:R_A:N:G:R:R_N:N:G:R:R_A:T:N:R:R_A:W:N:R:R_G:A:N:R:R_R:A:N:R:R_A:A:N:R:R_N:A:N:R:R_A:N:N:R:R_G:T:C:G:R_R:T:C:G:R_A:T:C:G:R_N:T:C:G:R_G:W:C:G:R_R:W:C:G:R_A:W:C:G:R_N:W:C:G:R_G:A:C:G:R_R:A:C:G:R_A:A:C:G:R_N:A:C:G:R_G:N:C:G:R_R:N:C:G:R_A:N:C:G:R_N:N:C:G:R_G:T:S:G:R_R:T:S:G:R_A:T:S:G:R_N:T:S:G:R_G:W:S:G:R_R:W:S:G:R_A:W:S:G:R_N:W:S:G:R_G:A:S:G:R_R:A:S:G:R_A:A:S:G:R_N:A:S:G:R_G:N:S:G:R_R:N:S:G:R_A:N:S:G:R_N:N:S:G:R_G:T:G:G:R_R:T:G:G:R_A:T:G:G:R_N:T:G:G:R_G:W:G:G:R_R:W:G:G:R_A:W:G:G:R_N:W:G:G:R_G:A:G:G:R_R:A:G:G:R_A:A:G:G:R_N:A:G:G:R_G:N:G:G:R_R:N:G:G:R_A:N:G:G:R_N:N:G:G:R_G:T:N:G:R_R:T:N:G:R_A:T:N:G:R_N:T:N:G:R_G:W:N:G:R_R:W:N:G:R_A:W:N:G:R_N:W:N:G:R_G:A:N:G:R_R:A:N:G:R_A:A:N:G:R_N:A:N:G:R_G:N:N:G:R_R:N:N:G:R_A:N:N:G:R_N:N:N:G:R_A:T:C:N:R_A:W:C:N:R_G:A:C:N:R_R:A:C:N:R_A:A:C:N:R_N:A:C:N:R_A:N:C:N:R_A:T:S:N:R_A:W:S:N:R_G:A:S:N:R_R:A:S:N:R_A:A:S:N:R_N:A:S:N:R_A:N:S:N:R_G:T:G:N:R_R:T:G:N:R_A:T:G:N:R_N:T:G:N:R_G:W:G:N:R_R:W:G:N:R_A:W:G:N:R_N:W:G:N:R_G:A:G:N:R_R:A:G:N:R_A:A:G:N:R_N:A:G:N:R_G:N:G:N:R_R:N:G:N:R_A:N:G:N:R_N:N:G:N:R_A:T:N:N:R_A:W:N:N:R_G:A:N:N:R_R:A:N:N:R_A:A:N:N:R_N:A:N:N:R_A:N:N:N:R_G:T:C:A:G_R:T:C:A:G_A:T:C:A:G_N:T:C:A:G_G:W:C:A:G_R:W:C:A:G_A:W:C:A:G_N:W:C:A:G_G:A:C:A:G_R:A:C:A:G_A:A:C:A:G_N:A:C:A:G_G:N:C:A:G_R:N:C:A:G_A:N:C:A:G_N:N:C:A:G_G:T:S:A:G_R:T:S:A:G_A:T:S:A:G_N:T:S:A:G_G:W:S:A:G_R:W:S:A:G_A:W:S:A:G_N:W:S:A:G_G:A:S:A:G_R:A:S:A:G_A:A:S:A:G_N:A:S:A:G_G:N:S:A:G_R:N:S:A:G_A:N:S:A:G_N:N:S:A:G_G:T:G:A:G_R:T:G:A:G_A:T:G:A:G_N:T:G:A:G_G:W:G:A:G_R:W:G:A:G_A:W:G:A:G_N:W:G:A:G_G:A:G:A:G_R:A:G:A:G_A:A:G:A:G_N:A:G:A:G_G:N:G:A:G_R:N:G:A:G_A:N:G:A:G_N:N:G:A:G_G:T:N:A:G_R:T:N:A:G_A:T:N:A:G_N:T:N:A:G_G:W:N:A:G_R:W:N:A:G_A:W:N:A:G_N:W:N:A:G_G:A:N:A:G_R:A:N:A:G_A:A:N:A:G_N:A:N:A:G_G:N:N:A:G_R:N:N:A:G_A:N:N:A:G_N:N:N:A:G_G:T:C:R:G_R:T:C:R:G_A:T:C:R:G_N:T:C:R:G_G:W:C:R:G_R:W:C:R:G_A:W:C:R:G_N:W:C:R:G_G:A:C:R:G_R:A:C:R:G_A:A:C:R:G_N:A:C:R:G_G:N:C:R:G_R:N:C:R:G_A:N:C:R:G_N:N:C:R:G_G:T:S:R:G_R:T:S:R:G_A:T:S:R:G_N:T:S:R:G_G:W:S:R:G_R:W:S:R:G_A:W:S:R:G_N:W:S:R:G_G:A:S:R:G_R:A:S:R:G_A:A:S:R:G_N:A:S:R:G_G:N:S:R:G_R:N:S:R:G_A:N:S:R:G_N:N:S:R:G_G:T:G:R:G_R:T:G:R:G_A:T:G:R:G_N:T:G:R:G_G:W:G:R:G_R:W:G:R:G_A:W:G:R:G_N:W:G:R:G_G:A:G:R:G_R:A:G:R:G_A:A:G:R:G_N:A:G:R:G_G:N:G:R:G_R:N:G:R:G_A:N:G:R:G_N:N:G:R:G_G:T:N:R:G_R:T:N:R:G_A:T:N:R:G_N:T:N:R:G_G:W:N:R:G_R:W:N:R:G_A:W:N:R:G_N:W:N:R:G_G:A:N:R:G_R:A:N:R:G_A:A:N:R:G_N:A:N:R:G_G:N:N:R:G_R:N:N:R:G_A:N:N:R:G_N:N:N:R:G_G:T:C:G:G_R:T:C:G:G_A:T:C:G:G_N:T:C:G:G_G:W:C:G:G_R:W:C:G:G_A:W:C:G:G_N:W:C:G:G_G:A:C:G:G_R:A:C:G:G_A:A:C:G:G_N:A:C:G:G_G:N:C:G:G_R:N:C:G:G_A:N:C:G:G_N:N:C:G:G_G:T:S:G:G_R:T:S:G:G_A:T:S:G:G_N:T:S:G:G_G:W:S:G:G_R:W:S:G:G_A:W:S:G:G_N:W:S:G:G_G:A:S:G:G_R:A:S:G:G_A:A:S:G:G_N:A:S:G:G_G:N:S:G:G_R:N:S:G:G_A:N:S:G:G_N:N:S:G:G_G:T:G:G:G_R:T:G:G:G_A:T:G:G:G_N:T:G:G:G_G:W:G:G:G_R:W:G:G:G_A:W:G:G:G_N:W:G:G:G_G:A:G:G:G_R:A:G:G:G_A:A:G:G:G_N:A:G:G:G_G:N:G:G:G_R:N:G:G:G_A:N:G:G:G_N:N:G:G:G_G:T:N:G:G_R:T:N:G:G_A:T:N:G:G_N:T:N:G:G_G:W:N:G:G_R:W:N:G:G_A:W:N:G:G_N:W:N:G:G_G:A:N:G:G_R:A:N:G:G_A:A:N:G:G_N:A:N:G:G_G:N:N:G:G_R:N:N:G:G_A:N:N:G:G_N:N:N:G:G_G:T:C:N:G_R:T:C:N:G_A:T:C:N:G_N:T:C:N:G_G:W:C:N:G_R:W:C:N:G_A:W:C:N:G_N:W:C:N:G_G:A:C:N:G_R:A:C:N:G_A:A:C:N:G_N:A:C:N:G_G:N:C:N:G_R:N:C:N:G_A:N:C:N:G_N:N:C:N:G_G:T:S:N:G_R:T:S:N:G_A:T:S:N:G_N:T:S:N:G_G:W:S:N:G_R:W:S:N:G_A:W:S:N:G_N:W:S:N:G_G:A:S:N:G_R:A:S:N:G_A:A:S:N:G_N:A:S:N:G_G:N:S:N:G_R:N:S:N:G_A:N:S:N:G_N:N:S:N:G_G:T:G:N:G_R:T:G:N:G_A:T:G:N:G_N:T:G:N:G_G:W:G:N:G_R:W:G:N:G_A:W:G:N:G_N:W:G:N:G_G:A:G:N:G_R:A:G:N:G_A:A:G:N:G_N:A:G:N:G_G:N:G:N:G_R:N:G:N:G_A:N:G:N:G_N:N:G:N:G_G:T:N:N:G_R:T:N:N:G_A:T:N:N:G_N:T:N:N:G_G:W:N:N:G_R:W:N:N:G_A:W:N:N:G_N:W:N:N:G_G:A:N:N:G_R:A:N:N:G_A:A:N:N:G_N:A:N:N:G_G:N:N:N:G_R:N:N:N:G_A:N:N:N:G_A:T:C:A:N_A:W:C:A:N_G:A:C:A:N_R:A:C:A:N_A:A:C:A:N_N:A:C:A:N_A:N:C:A:N_A:T:S:A:N_A:W:S:A:N_G:A:S:A:N_R:A:S:A:N_A:A:S:A:N_N:A:S:A:N_A:N:S:A:N_G:T:G:A:N_R:T:G:A:N_A:T:G:A:N_N:T:G:A:N_G:W:G:A:N_R:W:G:A:N_A:W:G:A:N_N:W:G:A:N_G:A:G:A:N_R:A:G:A:N_A:A:G:A:N_N:A:G:A:N_G:N:G:A:N_R:N:G:A:N_A:N:G:A:N_N:N:G:A:N_A:T:N:A:N_A:W:N:A:N_G:A:N:A:N_R:A:N:A:N_A:A:N:A:N_N:A:N:A:N_A:N:N:A:N_A:T:C:R:N_A:W:C:R:N_G:A:C:R:N_R:A:C:R:N_A:A:C:R:N_N:A:C:R:N_A:N:C:R:N_A:T:S:R:N_A:W:S:R:N_G:A:S:R:N_R:A:S:R:N_A:A:S:R:N_N:A:S:R:N_A:N:S:R:N_G:T:G:R:N_R:T:G:R:N_A:T:G:R:N_N:T:G:R:N_G:W:G:R:N_R:W:G:R:N_A:W:G:R:N_N:W:G:R:N_G:A:G:R:N_R:A:G:R:N_A:A:G:R:N_N:A:G:R:N_G:N:G:R:N_R:N:G:R:N_A:N:G:R:N_N:N:G:R:N_A:T:N:R:N_A:W:N:R:N_G:A:N:R:N_R:A:N:R:N_A:A:N:R:N_N:A:N:R:N_A:N:N:R:N_G:T:C:G:N_R:T:C:G:N_A:T:C:G:N_N:T:C:G:N_G:W:C:G:N_R:W:C:G:N_A:W:C:G:N_N:W:C:G:N_G:A:C:G:N_R:A:C:G:N_A:A:C:G:N_N:A:C:G:N_G:N:C:G:N_R:N:C:G:N_A:N:C:G:N_N:N:C:G:N_G:T:S:G:N_R:T:S:G:N_A:T:S:G:N_N:T:S:G:N_G:W:S:G:N_R:W:S:G:N_A:W:S:G:N_N:W:S:G:N_G:A:S:G:N_R:A:S:G:N_A:A:S:G:N_N:A:S:G:N_G:N:S:G:N_R:N:S:G:N_A:N:S:G:N_N:N:S:G:N_G:T:G:G:N_R:T:G:G:N_A:T:G:G:N_N:T:G:G:N_G:W:G:G:N_R:W:G:G:N_A:W:G:G:N_N:W:G:G:N_G:A:G:G:N_R:A:G:G:N_A:A:G:G:N_N:A:G:G:N_G:N:G:G:N_R:N:G:G:N_A:N:G:G:N_N:N:G:G:N_G:T:N:G:N_R:T:N:G:N_A:T:N:G:N_N:T:N:G:N_G:W:N:G:N_R:W:N:G:N_A:W:N:G:N_N:W:N:G:N_G:A:N:G:N_R:A:N:G:N_A:A:N:G:N_N:A:N:G:N_G:N:N:G:N_R:N:N:G:N_A:N:N:G:N_A:T:C:N:N_A:W:C:N:N_G:A:C:N:N_R:A:C:N:N_A:A:C:N:N_N:A:C:N:N_A:N:C:N:N_A:T:S:N:N_A:W:S:N:N_G:A:S:N:N_R:A:S:N:N_A:A:S:N:N_N:A:S:N:N_A:N:S:N:N_G:T:G:N:N_R:T:G:N:N_A:T:G:N:N_N:T:G:N:N_G:W:G:N:N_R:W:G:N:N_A:W:G:N:N_N:W:G:N:N_G:A:G:N:N_R:A:G:N:N_A:A:G:N:N_N:A:G:N:N_G:N:G:N:N_R:N:G:N:N_A:N:G:N:N_A:T:N:N:N_A:W:N:N:N_G:A:N:N:N_R:A:N:N:N_A:A:N:N:N","N:N:N:N:A_N:N:N:N:R_N:N:N:N:G_N:N:N:A:N_N:N:N:R:N_N:N:N:G:N_N:N:C:N:N_N:N:S:N:N_N:N:G:N:N_N:T:N:N:N_N:W:N:N:N_N:A:N:N:N_G:N:N:N:N_R:N:N:N:N_A:N:N:N:N_N:N:N:N:N","Rht24b","Rht24b_het","Rht24a","ND"
"vrn-A1_1copy",TRUE,0,"KASP_vrn-A1_exon4:CHS21_5A589260066","G:G","R:G_G:R_R:R_R:A","A:G_A:R_G:A_A:A","N:G_N:R_N:A_G:N_R:N_A:N_N:N","vrn-A1_1copy","het","vrn-A1","ND"
"vrn-A1_2copy",TRUE,0,"KASP_vrn-A1_exon4:CHS21_5A589260066","G:A","R:A_G:R_R:R","A:A_A:R_G:G_R:G_A:G","N:A_N:R_N:G_G:N_R:N_A:N_N:N","vrn-A1_2copy","het","vrn-A1","ND"
"Fhb_2B_Bess",TRUE,1,"CHS21_2B173071664:CHS21_2B218312822","A:C_N:C_A:N","R:C_A:Y_R:Y_N:Y_R:N","G:C_G:Y_A:T_R:T_G:T_N:T_G:N","N:N","Fhb_2B_Bess","Fhb_2B_Bess_het","non-Fhb_2B_Bess","ND"
"Lr18",TRUE,0,"CHS21_5B697160386:CHS21_5B706065788","G:G","S:G_G:K_S:K","C:G_C:K_G:T_S:T_C:T","N:G_N:K_N:T_G:N_S:N_C:N_N:N","Lr18","Lr18_het","non-Lr18","ND"
"Lr34/Yr18",TRUE,1,"CHS21_7D048951070:CHS21_7D048955854:CHS21_7D048959797","C:G:T_N:G:T_C:G:N","M:G:T_C:R:T_M:R:T_N:R:T_M:N:T_C:G:W_M:G:W_N:G:W_C:R:W_M:R:W_N:R:W_C:N:W_M:N:W_M:G:N_C:R:N_M:R:N","A:G:T_A:R:T_C:A:T_M:A:T_A:A:T_N:A:T_C:N:T_A:N:T_A:G:W_A:R:W_C:A:W_M:A:W_A:A:W_N:A:W_A:N:W_C:G:A_M:G:A_A:G:A_N:G:A_C:R:A_M:R:A_A:R:A_N:R:A_C:A:A_M:A:A_A:A:A_N:A:A_C:N:A_M:N:A_A:N:A_A:G:N_A:R:N_C:A:N_M:A:N_A:A:N","N:N:T_N:N:W_N:N:A_N:G:N_N:R:N_N:A:N_C:N:N_M:N:N_A:N:N_N:N:N","Lr34/Yr18","Lr34/Yr18_het","non-Lr34/Yr18","ND"
"Lr34/Yr18_false_positive",TRUE,1,"CHS21_7D048951070:CHS21_7D048955854:CHS21_7D048959797","A:G:T_N:G:T_A:N:T_A:G:N","M:G:T_A:R:T_M:R:T_N:R:T_M:N:T_A:G:W_M:G:W_N:G:W_A:R:W_M:R:W_N:R:W_A:N:W_M:N:W_M:G:N_A:R:N_M:R:N","C:G:T_C:R:T_A:A:T_M:A:T_C:A:T_N:A:T_C:N:T_C:G:W_C:R:W_A:A:W_M:A:W_C:A:W_N:A:W_C:N:W_A:G:A_M:G:A_C:G:A_N:G:A_A:R:A_M:R:A_C:R:A_N:R:A_A:A:A_M:A:A_C:A:A_N:A:A_A:N:A_M:N:A_C:N:A_C:G:N_C:R:N_A:A:N_M:A:N_C:A:N","N:N:T_N:N:W_N:N:A_N:G:N_N:R:N_N:A:N_A:N:N_M:N:N_C:N:N_N:N:N","Lr34/Yr18_false_positive","Lr34/Yr18_false_positive_het","non-Lr34/Yr18_false_positive",NA
"Lr42",TRUE,1,"CHS21_1D008254855:CHS21_1D009436971","T:G_N:G_T:N","Y:G_T:S_Y:S_N:S","C:G_C:S_T:C_Y:C_C:C_N:C_C:N","Y:N_N:N","Lr42","Lr42_het","non-Lr42","ND"
"Lr67",TRUE,2,"CHS21_4D405671909:CHS21_4D405674596:CHS21_4D410786025","C:T:T_N:T:T_C:N:T_N:N:T_C:T:N_N:T:N_C:N:N","S:T:T_C:K:T_S:K:T_N:K:T_S:N:T_C:T:Y_S:T:Y_N:T:Y_C:K:Y_S:K:Y_N:K:Y_C:N:Y_S:N:Y_N:N:Y_S:T:N_C:K:N_S:K:N_N:K:N_S:N:N","G:T:T_G:K:T_C:G:T_S:G:T_G:G:T_N:G:T_G:N:T_G:T:Y_G:K:Y_C:G:Y_S:G:Y_G:G:Y_N:G:Y_G:N:Y_C:T:C_S:T:C_G:T:C_N:T:C_C:K:C_S:K:C_G:K:C_N:K:C_C:G:C_S:G:C_G:G:C_N:G:C_C:N:C_S:N:C_G:N:C_N:N:C_G:T:N_G:K:N_C:G:N_S:G:N_G:G:N_N:G:N_G:N:N","N:N:N","Lr67","Lr67_het","non-Lr67","ND"
"WAPO-A1_hap1",TRUE,1,"KASP_WapoA1_Hap12vs3:CHS21_7A678680894:CHS21_7A678681515","C:C:G_N:C:G_C:N:G_C:C:N","Y:C:G_C:Y:G_Y:Y:G_N:Y:G_Y:N:G_C:C:S_Y:C:S_N:C:S_C:Y:S_Y:Y:S_N:Y:S_C:N:S_Y:N:S_Y:C:N_C:Y:N_Y:Y:N","T:C:G_T:Y:G_C:T:G_Y:T:G_T:T:G_N:T:G_T:N:G_T:C:S_T:Y:S_C:T:S_Y:T:S_T:T:S_N:T:S_T:N:S_C:C:C_Y:C:C_T:C:C_N:C:C_C:Y:C_Y:Y:C_T:Y:C_N:Y:C_C:T:C_Y:T:C_T:T:C_N:T:C_C:N:C_Y:N:C_T:N:C_T:C:N_T:Y:N_C:T:N_Y:T:N_T:T:N","N:N:G_N:N:S_N:N:C_N:C:N_N:Y:N_N:T:N_C:N:N_Y:N:N_T:N:N_N:N:N","WAPO-A1_hap1","het","non-WAPO-A1_hap1","ND"
"WAPO-A1_hap2",TRUE,1,"KASP_WapoA1_Hap12vs3:CHS21_7A678680894:CHS21_7A678681515","C:T:C_N:T:C_C:N:C_C:T:N","Y:T:C_C:Y:C_Y:Y:C_N:Y:C_Y:N:C_C:T:S_Y:T:S_N:T:S_C:Y:S_Y:Y:S_N:Y:S_C:N:S_Y:N:S_Y:T:N_C:Y:N_Y:Y:N","T:T:C_T:Y:C_C:C:C_Y:C:C_T:C:C_N:C:C_T:N:C_T:T:S_T:Y:S_C:C:S_Y:C:S_T:C:S_N:C:S_T:N:S_C:T:G_Y:T:G_T:T:G_N:T:G_C:Y:G_Y:Y:G_T:Y:G_N:Y:G_C:C:G_Y:C:G_T:C:G_N:C:G_C:N:G_Y:N:G_T:N:G_T:T:N_T:Y:N_C:C:N_Y:C:N_T:C:N","N:N:C_N:N:S_N:N:G_N:T:N_N:Y:N_N:C:N_C:N:N_Y:N:N_T:N:N_N:N:N","WAPO-A1_hap2","het","non-WAPO-A1_hap2","ND"
"WAPO-A1_hap3",TRUE,1,"KASP_WapoA1_Hap12vs3:CHS21_7A678680894:CHS21_7A678681515","T:T:G_N:T:G_T:N:G_T:T:N","Y:T:G_T:Y:G_Y:Y:G_N:Y:G_Y:N:G_T:T:S_Y:T:S_N:T:S_T:Y:S_Y:Y:S_N:Y:S_T:N:S_Y:N:S_Y:T:N_T:Y:N_Y:Y:N","C:T:G_C:Y:G_T:C:G_Y:C:G_C:C:G_N:C:G_C:N:G_C:T:S_C:Y:S_T:C:S_Y:C:S_C:C:S_N:C:S_C:N:S_T:T:C_Y:T:C_C:T:C_N:T:C_T:Y:C_Y:Y:C_C:Y:C_N:Y:C_T:C:C_Y:C:C_C:C:C_N:C:C_T:N:C_Y:N:C_C:N:C_C:T:N_C:Y:N_T:C:N_Y:C:N_C:C:N","N:N:G_N:N:S_N:N:C_N:T:N_N:Y:N_N:C:N_T:N:N_Y:N:N_C:N:N_N:N:N","WAPO-A1_hap3","het","non-WAPO-A1_hap3","ND"
"WAPO-A1_hap4",TRUE,1,"KASP_WapoA1_Hap12vs3:CHS21_7A678680894:CHS21_7A678681515","C:T:G_N:T:G_C:N:G_C:T:N","Y:T:G_C:Y:G_Y:Y:G_N:Y:G_Y:N:G_C:T:S_Y:T:S_N:T:S_C:Y:S_Y:Y:S_N:Y:S_C:N:S_Y:N:S_Y:T:N_C:Y:N_Y:Y:N","T:T:G_T:Y:G_C:C:G_Y:C:G_T:C:G_N:C:G_T:N:G_T:T:S_T:Y:S_C:C:S_Y:C:S_T:C:S_N:C:S_T:N:S_C:T:C_Y:T:C_T:T:C_N:T:C_C:Y:C_Y:Y:C_T:Y:C_N:Y:C_C:C:C_Y:C:C_T:C:C_N:C:C_C:N:C_Y:N:C_T:N:C_T:T:N_T:Y:N_C:C:N_Y:C:N_T:C:N","N:N:G_N:N:S_N:N:C_N:T:N_N:Y:N_N:C:N_C:N:N_Y:N:N_T:N:N_N:N:N","WAPO-A1_hap4","het","non-WAPO-A1_hap4","ND"
