"Locus","Auto","N_Missing","Markers","Pos","Het","Neg","Missing","Pos_Annot","Het_Annot","Neg_Annot","Missing_Annot","Unidentified_Haplotype"
"Glu-D1",FALSE,NA,"CHS21_1D412735780:CHS21_1D414600348","G:C_N:C_G:N","K:S_N:S_T:S_K:C_G:S_K:G_K:N","T:G_N:G_T:N","N:N","5+10","het","2+12","ND","T:C"
"Glu-D1",FALSE,NA,"CHS21_1D412735780:CHS21_1D414600348","G:C_N:C_G:N","K:S_N:S_T:S_K:C_G:S_K:G_K:N","T:G_N:G_T:N","N:N","5+10","het","2+12","ND","G:G"
"Ppd-B1_CS",FALSE,NA,"KASP_TaPpdBJ001","A","W","T","na","Ppd-B1a_CS_insens","Ppd-B1a_CS_insens_het","non-Ppd-B1a_CS_insens","na","C"
"Ppd-B1_CS",FALSE,NA,"KASP_TaPpdBJ001","A","W","T","na","Ppd-B1a_CS_insens","Ppd-B1a_CS_insens_het","non-Ppd-B1a_CS_insens","na","N"
"Ppd-B1_CS",FALSE,NA,"KASP_TaPpdBJ001","A","W","T","na","Ppd-B1a_CS_insens","Ppd-B1a_CS_insens_het","non-Ppd-B1a_CS_insens","na","Y"
"Glu-A1",FALSE,NA,"KASP_Glu-Ax2_IND","T","Y","C",NA,"Ax1_or_null","het","Ax2","ND","N"
"H13b",FALSE,NA,"CHS21_6D029617257:KASP_6D30113169_C1","C:A","Y:R_Y:A_C:R","C:G_T:G_T:N_N:G","N:N_C:N","H13b","H13_het","non-H13b","ND","T:R"
"H13b",FALSE,NA,"CHS21_6D029617257:KASP_6D30113169_C1","C:A","Y:R_Y:A_C:R","C:G_T:G_T:N_N:G","N:N_C:N","H13b","H13_het","non-H13b","ND","N:A"
"H13b",FALSE,NA,"CHS21_6D029617257:KASP_6D30113169_C1","C:A","Y:R_Y:A_C:R","C:G_T:G_T:N_N:G","N:N_C:N","H13b","H13_het","non-H13b","ND","N:R"
"H13b",FALSE,NA,"CHS21_6D029617257:KASP_6D30113169_C1","C:A","Y:R_Y:A_C:R","C:G_T:G_T:N_N:G","N:N_C:N","H13b","H13_het","non-H13b","ND","Y:G"
"TaELF3-B1",FALSE,NA,"CHS21_1B695528656","T","Y","C","na","ELF3-B1_early","ELF3-B1_early_het","non-ELF3-B1_early","na","N"
"TaELF3-D1",FALSE,NA,"CHS21_1D496597731","R","na","G","na","ELF3-D1_early","ELF3-D1_early_het","non-ELF3-D1_early","na","A"
"TaELF3-D1",FALSE,NA,"CHS21_1D496597731","R","na","G","na","ELF3-D1_early","ELF3-D1_early_het","non-ELF3-D1_early","na","N"
"Lr37/Yr17/Sr38",FALSE,NA,"CHS21_2A016891023:CHS21_2A016926228","A:A","M:R_A:R_M:A","C:G","N:N","Lr37/Yr17/Sr38","Lr37/Yr17/Sr38_het","non-Lr37/Yr17/Sr38","ND","C:R"
"Lr37/Yr17/Sr38",FALSE,NA,"CHS21_2A016891023:CHS21_2A016926228","A:A","M:R_A:R_M:A","C:G","N:N","Lr37/Yr17/Sr38","Lr37/Yr17/Sr38_het","non-Lr37/Yr17/Sr38","ND","C:N"
"Lr37/Yr17/Sr38",FALSE,NA,"CHS21_2A016891023:CHS21_2A016926228","A:A","M:R_A:R_M:A","C:G","N:N","Lr37/Yr17/Sr38","Lr37/Yr17/Sr38_het","non-Lr37/Yr17/Sr38","ND","A:N"
"Lr37/Yr17/Sr38",FALSE,NA,"CHS21_2A016891023:CHS21_2A016926228","A:A","M:R_A:R_M:A","C:G","N:N","Lr37/Yr17/Sr38","Lr37/Yr17/Sr38_het","non-Lr37/Yr17/Sr38","ND","M:N"
"Lr37/Yr17/Sr38",FALSE,NA,"CHS21_2A016891023:CHS21_2A016926228","A:A","M:R_A:R_M:A","C:G","N:N","Lr37/Yr17/Sr38","Lr37/Yr17/Sr38_het","non-Lr37/Yr17/Sr38","ND","N:G"
"Lr37/Yr17/Sr38",FALSE,NA,"CHS21_2A016891023:CHS21_2A016926228","A:A","M:R_A:R_M:A","C:G","N:N","Lr37/Yr17/Sr38","Lr37/Yr17/Sr38_het","non-Lr37/Yr17/Sr38","ND","M:G"
"Lr37/Yr17/Sr38",FALSE,NA,"CHS21_2A016891023:CHS21_2A016926228","A:A","M:R_A:R_M:A","C:G","N:N","Lr37/Yr17/Sr38","Lr37/Yr17/Sr38_het","non-Lr37/Yr17/Sr38","ND","N:R"
"Ppd-D1_Norstar_deletion",FALSE,NA,"CHS21_2D036206249","A","M","C","N","Ppd-D1_Norstar_deletion_het","Ppd-D1_Norstar_deletion","non-Ppd-D1_Norstar_deletion","ND","0"
"Ppd-D1_Norstar_deletion",FALSE,NA,"CHS21_2D036206249","A","M","C","N","Ppd-D1_Norstar_deletion_het","Ppd-D1_Norstar_deletion","non-Ppd-D1_Norstar_deletion","ND","-"
"Sr12",TRUE,1,"CHS21_3B512387810:CHS21_3B513857862","C:A","Y:R","T:G","N:N","Sr12","Sr12_het","non-Sr12","ND","C:C"
"Sr12",TRUE,1,"CHS21_3B512387810:CHS21_3B513857862","C:A","Y:R","T:G","N:N","Sr12","Sr12_het","non-Sr12","ND","Y:C"
"Sr12",TRUE,1,"CHS21_3B512387810:CHS21_3B513857862","C:A","Y:R","T:G","N:N","Sr12","Sr12_het","non-Sr12","ND","N:C"
"Tsn1",FALSE,NA,"CHS21_5B549856555:CHS21_5B549896914","G:N","K:G","T:G","N:N","Tsn1","Tsn1_het","non-Tsn1","ND","N:G"
"Tsn1",FALSE,NA,"CHS21_5B549856555:CHS21_5B549896914","G:N","K:G","T:G","N:N","Tsn1","Tsn1_het","non-Tsn1","ND","G:G"
"Tsn1",FALSE,NA,"CHS21_5B549856555:CHS21_5B549896914","G:N","K:G","T:G","N:N","Tsn1","Tsn1_het","non-Tsn1","ND","K:N"
"Tsn1",FALSE,NA,"CHS21_5B549856555:CHS21_5B549896914","G:N","K:G","T:G","N:N","Tsn1","Tsn1_het","non-Tsn1","ND","T:N"
"Pm54",FALSE,NA,"CHS21_6B704938830:CHS21_6B705512820","G:C","R:Y_G:Y_R:C","A:T_G:T_A:C_N:T_G:N_R:T_G:Y","N:N","Pm54","Pm54_het","non-Pm54","ND","A:Y"
"Pm54",FALSE,NA,"CHS21_6B704938830:CHS21_6B705512820","G:C","R:Y_G:Y_R:C","A:T_G:T_A:C_N:T_G:N_R:T_G:Y","N:N","Pm54","Pm54_het","non-Pm54","ND","A:N"
"Pm54",FALSE,NA,"CHS21_6B704938830:CHS21_6B705512820","G:C","R:Y_G:Y_R:C","A:T_G:T_A:C_N:T_G:N_R:T_G:Y","N:N","Pm54","Pm54_het","non-Pm54","ND","R:N"
"Pm54",FALSE,NA,"CHS21_6B704938830:CHS21_6B705512820","G:C","R:Y_G:Y_R:C","A:T_G:T_A:C_N:T_G:N_R:T_G:Y","N:N","Pm54","Pm54_het","non-Pm54","ND","N:C"
"Sr6D",FALSE,NA,"CHS21_6D005544312","T","Y","C","na","Sr6D","Sr6D_het","non-Sr6D","na","N"
"7AL_grain_length/weight",FALSE,NA,"CHS21_7A676603251:CHS21_7A676621182","G:T","R:Y_G:Y_R:C","A:C","N:N","longer/heavier","het","non-longer/heavier","ND","R:T"
"7AL_grain_length/weight",FALSE,NA,"CHS21_7A676603251:CHS21_7A676621182","G:T","R:Y_G:Y_R:C","A:C","N:N","longer/heavier","het","non-longer/heavier","ND","N:T"
"7AL_grain_length/weight",FALSE,NA,"CHS21_7A676603251:CHS21_7A676621182","G:T","R:Y_G:Y_R:C","A:C","N:N","longer/heavier","het","non-longer/heavier","ND","R:N"
"7AL_grain_length/weight",FALSE,NA,"CHS21_7A676603251:CHS21_7A676621182","G:T","R:Y_G:Y_R:C","A:C","N:N","longer/heavier","het","non-longer/heavier","ND","N:C"
"7AL_grain_length/weight",FALSE,NA,"CHS21_7A676603251:CHS21_7A676621182","G:T","R:Y_G:Y_R:C","A:C","N:N","longer/heavier","het","non-longer/heavier","ND","A:Y"
"7AL_grain_length/weight",FALSE,NA,"CHS21_7A676603251:CHS21_7A676621182","G:T","R:Y_G:Y_R:C","A:C","N:N","longer/heavier","het","non-longer/heavier","ND","A:T"
"7AL_grain_length/weight",FALSE,NA,"CHS21_7A676603251:CHS21_7A676621182","G:T","R:Y_G:Y_R:C","A:C","N:N","longer/heavier","het","non-longer/heavier","ND","A:N"
"7AL_grain_length/weight",FALSE,NA,"CHS21_7A676603251:CHS21_7A676621182","G:T","R:Y_G:Y_R:C","A:C","N:N","longer/heavier","het","non-longer/heavier","ND","N:Y"
"Sr22_or_Pm37",FALSE,NA,"CHS21_7A688098401","T","na","-","na","Sr22_or_Pm37","Sr22_or_Pm37_het","non-Sr22_or_Pm37","na","N"
"Lr19/Sr25",FALSE,NA,"CHS21_7D637697782",NA,NA,NA,NA,NA,NA,NA,NA,"G"
"Lr19/Sr25",FALSE,NA,"CHS21_7D637697782",NA,NA,NA,NA,NA,NA,NA,NA,"N"
