"Line","CHS21_3B013956348","SUM10_3B012558341","FHB1_Haplotype","FHB1_Summary"
"2024-UESRWWN-1","G","N","G:N","NEG"
"2024-UESRWWN-2","G","N","G:N","NEG"
"2024-UESRWWN-3","G","N","G:N","NEG"
"2024-UESRWWN-4","C","T","C:T","POS"
"2024-UESRWWN-5","N","N","N:N","UNIDENTIFIED"
"2024-UESRWWN-6","G","N","G:N","NEG"
"2024-UESRWWN-7","G","N","G:N","NEG"
"2024-UESRWWN-8","N","N","N:N","UNIDENTIFIED"
"2024-UESRWWN-9","G","N","G:N","NEG"
"2024-UESRWWN-10","G","N","G:N","NEG"
"2024-UESRWWN-11","N","N","N:N","UNIDENTIFIED"
"2024-UESRWWN-12","G","N","G:N","NEG"
"2024-UESRWWN-13","G","N","G:N","NEG"
"2024-UESRWWN-14","C","T","C:T","POS"
"2024-UESRWWN-15","C","T","C:T","POS"
"2024-UESRWWN-16","C","T","C:T","POS"
"2024-UESRWWN-17","C","T","C:T","POS"
"2024-UESRWWN-18","C","T","C:T","POS"
"2024-UESRWWN-19","C","T","C:T","POS"
"2024-UESRWWN-20","G","N","G:N","NEG"
"2024-UESRWWN-21","G","N","G:N","NEG"
"2024-UESRWWN-22","G","N","G:N","NEG"
"2024-UESRWWN-23","C","T","C:T","POS"
"2024-UESRWWN-24","G","N","G:N","NEG"
"2024-UESRWWN-25","C","T","C:T","POS"
"2024-UESRWWN-26","G","N","G:N","NEG"
"2024-UESRWWN-27","C","T","C:T","POS"
"2024-UESRWWN-28","G","N","G:N","NEG"
"2024-USSRWWN-1","G","N","G:N","NEG"
"2024-USSRWWN-2","N","N","N:N","UNIDENTIFIED"
"2024-USSRWWN-3","G","N","G:N","NEG"
"2024-USSRWWN-4","G","N","G:N","NEG"
"2024-USSRWWN-5","G","N","G:N","NEG"
"2024-USSRWWN-6","G","N","G:N","NEG"
"2024-USSRWWN-7","G","N","G:N","NEG"
"2024-USSRWWN-8","G","N","G:N","NEG"
"2024-USSRWWN-9","G","N","G:N","NEG"
"2024-USSRWWN-10","G","N","G:N","NEG"
"2024-USSRWWN-11","S","N","S:N","NEG"
"2024-USSRWWN-12","G","N","G:N","NEG"
"2024-USSRWWN-13","N","N","N:N","UNIDENTIFIED"
"2024-USSRWWN-14","N","N","N:N","UNIDENTIFIED"
"2024-USSRWWN-15","G","N","G:N","NEG"
"2024-USSRWWN-16","G","N","G:N","NEG"
"2024-USSRWWN-17","G","N","G:N","NEG"
"2024-USSRWWN-18","G","N","G:N","NEG"
"2024-USSRWWN-19","C","T","C:T","POS"
"2024-USSRWWN-20","G","N","G:N","NEG"
"2024-USSRWWN-21","G","N","G:N","NEG"
"2024-USSRWWN-22","N","N","N:N","UNIDENTIFIED"
"2024-USSRWWN-23","G","N","G:N","NEG"
"2024-USSRWWN-24","G","N","G:N","NEG"
"2024-USSRWWN-25","C","T","C:T","POS"
"2024-USSRWWN-26","C","T","C:T","POS"
"2024-USSRWWN-27","G","N","G:N","NEG"
"2024-USSRWWN-28","G","N","G:N","NEG"
"2024-USSRWWN-29","C","T","C:T","POS"
"2024-USSRWWN-30","C","T","C:T","POS"
"2024-USSRWWN-31","S","T","S:T","HET"
"2024-USSRWWN-32","G","N","G:N","NEG"
"2024-USSRWWN-33","G","N","G:N","NEG"
"2024-USSRWWN-34","N","N","N:N","UNIDENTIFIED"
"2024-USSRWWN-35","G","N","G:N","NEG"
"2024-USSRWWN-36","C","T","C:T","POS"
"2024-USSRWWN-37","G","N","G:N","NEG"
"2024-USSRWWN-38","G","N","G:N","NEG"
"2024-USSRWWN-39","C","T","C:T","POS"
"2024-USSRWWN-40","G","N","G:N","NEG"
"2024-BLANK-1","N","N","N:N","UNIDENTIFIED"
"2024-BIGSIX-101","G","N","G:N","NEG"
"2024-BIGSIX-102","C","T","C:T","POS"
"2024-BIGSIX-103","G","N","G:N","NEG"
"2024-BIGSIX-104","G","N","G:N","NEG"
"2024-BIGSIX-105","G","N","G:N","NEG"
"2024-BIGSIX-106","S","N","S:N","NEG"
"2024-BIGSIX-107","G","N","G:N","NEG"
"2024-BIGSIX-108","N","N","N:N","UNIDENTIFIED"
"2024-BIGSIX-109","N","N","N:N","UNIDENTIFIED"
"2024-BIGSIX-110","G","N","G:N","NEG"
"2024-BIGSIX-111","G","N","G:N","NEG"
"2024-BIGSIX-112","G","N","G:N","NEG"
"2024-BIGSIX-113","G","N","G:N","NEG"
"2024-BIGSIX-114","S","T","S:T","HET"
"2024-BIGSIX-115","G","N","G:N","NEG"
"2024-BIGSIX-116","G","N","G:N","NEG"
"2024-BIGSIX-117","G","N","G:N","NEG"
"2024-BIGSIX-118","G","N","G:N","NEG"
"2024-BIGSIX-119","G","N","G:N","NEG"
"2024-BIGSIX-120","G","N","G:N","NEG"
"2024-BIGSIX-121","S","T","S:T","HET"
"2024-BIGSIX-122","S","T","S:T","HET"
"2024-BIGSIX-123","G","T","G:T","POS"
"2024-BIGSIX-124","G","N","G:N","NEG"
"2024-BIGSIX-125","C","T","C:T","POS"
"2024-BIGSIX-126","G","T","G:T","POS"
"2024-BIGSIX-127","G","N","G:N","NEG"
"2024-BIGSIX-128","S","T","S:T","HET"
"2024-BIGSIX-129","N","N","N:N","UNIDENTIFIED"
"2024-BIGSIX-130","G","N","G:N","NEG"
"2024-BIGSIX-131","C","T","C:T","POS"
"2024-BIGSIX-132","N","N","N:N","UNIDENTIFIED"
"2024-BIGSIX-133","G","N","G:N","NEG"
"2024-BIGSIX-134","S","T","S:T","HET"
"2024-BIGSIX-135","C","T","C:T","POS"
"2024-BIGSIX-136","C","T","C:T","POS"
"2024-BIGSIX-137","C","T","C:T","POS"
"2024-BIGSIX-138","G","N","G:N","NEG"
"2024-BIGSIX-139","G","N","G:N","NEG"
"2024-BIGSIX-140","G","N","G:N","NEG"
"2024-BIGSIX-141","G","N","G:N","NEG"
"2024-BIGSIX-142","C","T","C:T","POS"
"2024-BIGSIX-143","S","N","S:N","NEG"
"2024-BIGSIX-144","G","N","G:N","NEG"
"2024-BIGSIX-145","G","N","G:N","NEG"
"2024-BIGSIX-146","G","N","G:N","NEG"
"2024-BIGSIX-147","G","N","G:N","NEG"
"2024-BIGSIX-148","G","N","G:N","NEG"
"2024-BIGSIX-149","C","T","C:T","POS"
"2024-BIGSIX-150","G","N","G:N","NEG"
"2024-BIGSIX-151","G","T","G:T","POS"
"2024-BIGSIX-152","S","T","S:T","HET"
"2024-BIGSIX-153","G","T","G:T","POS"
"2024-BIGSIX-154","C","T","C:T","POS"
"2024-BIGSIX-155","C","T","C:T","POS"
"2024-BIGSIX-156","G","N","G:N","NEG"
"2024-BIGSIX-157","G","N","G:N","NEG"
"2024-BIGSIX-158","G","N","G:N","NEG"
"2024-BIGSIX-159","G","T","G:T","POS"
"2024-BIGSIX-160","C","T","C:T","POS"
"2024-BIGSIX-161","G","N","G:N","NEG"
"2024-BIGSIX-162","C","T","C:T","POS"
"2024-BIGSIX-163","G","N","G:N","NEG"
"2024-BIGSIX-164","G","N","G:N","NEG"
"2024-BIGSIX-165","G","N","G:N","NEG"
"2024-BIGSIX-166","C","T","C:T","POS"
"2024-BIGSIX-167","C","T","C:T","POS"
"2024-BIGSIX-168","C","T","C:T","POS"
"2024-BIGSIX-169","G","N","G:N","NEG"
"2024-BIGSIX-170","G","N","G:N","NEG"
"2024-BLANK-2","N","N","N:N","UNIDENTIFIED"
"2024-BIGSIX-201","C","T","C:T","POS"
"2024-BIGSIX-202","G","N","G:N","NEG"
"2024-BIGSIX-203","G","N","G:N","NEG"
"2024-BIGSIX-204","G","N","G:N","NEG"
"2024-BIGSIX-205","G","N","G:N","NEG"
"2024-BIGSIX-206","G","N","G:N","NEG"
"2024-BIGSIX-207","G","N","G:N","NEG"
"2024-BIGSIX-208","N","T","N:T","POS"
"2024-BIGSIX-209","G","N","G:N","NEG"
"2024-BIGSIX-210","G","N","G:N","NEG"
"2024-BIGSIX-211","G","N","G:N","NEG"
"2024-BIGSIX-212","C","T","C:T","POS"
"2024-BIGSIX-213","S","N","S:N","NEG"
"2024-BIGSIX-214","G","N","G:N","NEG"
"2024-BIGSIX-215","C","T","C:T","POS"
"2024-BIGSIX-216","C","T","C:T","POS"
"2024-BIGSIX-217","G","N","G:N","NEG"
"2024-BIGSIX-218","C","T","C:T","POS"
"2024-BIGSIX-219","G","N","G:N","NEG"
"2024-BIGSIX-220","C","T","C:T","POS"
"2024-BIGSIX-221","C","T","C:T","POS"
"2024-BIGSIX-222","G","N","G:N","NEG"
"2024-BIGSIX-223","C","T","C:T","POS"
"2024-BIGSIX-224","C","T","C:T","POS"
"2024-BIGSIX-225","G","N","G:N","NEG"
"2024-BIGSIX-226","G","N","G:N","NEG"
"2024-BIGSIX-227","G","N","G:N","NEG"
"2024-BIGSIX-228","N","T","N:T","POS"
"2024-BIGSIX-229","G","N","G:N","NEG"
"2024-BIGSIX-230","G","N","G:N","NEG"
"2024-BIGSIX-231","C","T","C:T","POS"
"2024-BIGSIX-232","C","T","C:T","POS"
"2024-BIGSIX-233","N","N","N:N","UNIDENTIFIED"
"2024-BIGSIX-234","G","N","G:N","NEG"
"2024-BIGSIX-235","C","T","C:T","POS"
"2024-BIGSIX-236","G","N","G:N","NEG"
"2024-BIGSIX-237","G","N","G:N","NEG"
"2024-BIGSIX-238","C","T","C:T","POS"
"2024-BIGSIX-239","C","T","C:T","POS"
"2024-BIGSIX-240","C","T","C:T","POS"
"2024-BIGSIX-241","G","N","G:N","NEG"
"2024-BIGSIX-242","G","N","G:N","NEG"
"2024-BIGSIX-243","C","T","C:T","POS"
"2024-BIGSIX-244","C","T","C:T","POS"
"2024-BIGSIX-245","C","T","C:T","POS"
"2024-BIGSIX-246","C","T","C:T","POS"
"2024-BIGSIX-247","C","T","C:T","POS"
"2024-BIGSIX-248","N","N","N:N","UNIDENTIFIED"
"2024-BIGSIX-249","G","N","G:N","NEG"
"2024-BIGSIX-250","C","T","C:T","POS"
"2024-BIGSIX-301","G","N","G:N","NEG"
"2024-BIGSIX-302","G","N","G:N","NEG"
"2024-BIGSIX-303","G","N","G:N","NEG"
"2024-BIGSIX-304","G","N","G:N","NEG"
"2024-BIGSIX-305","G","N","G:N","NEG"
"2024-BIGSIX-306","N","N","N:N","UNIDENTIFIED"
"2024-BIGSIX-307","G","N","G:N","NEG"
"2024-BIGSIX-308","C","T","C:T","POS"
"2024-BIGSIX-309","G","N","G:N","NEG"
"2024-BIGSIX-310","C","T","C:T","POS"
"2024-BIGSIX-311","G","N","G:N","NEG"
"2024-BIGSIX-312","G","N","G:N","NEG"
"2024-BIGSIX-313","G","N","G:N","NEG"
"2024-BIGSIX-314","S","N","S:N","NEG"
"2024-BIGSIX-315","C","T","C:T","POS"
"2024-BIGSIX-316","G","N","G:N","NEG"
"2024-BIGSIX-317","C","T","C:T","POS"
"2024-BIGSIX-318","G","N","G:N","NEG"
"2024-BIGSIX-319","S","N","S:N","NEG"
"2024-BIGSIX-320","G","N","G:N","NEG"
"2024-BIGSIX-321","G","T","G:T","POS"
"2024-BIGSIX-322","N","N","N:N","UNIDENTIFIED"
"2024-BIGSIX-323","G","N","G:N","NEG"
"2024-BIGSIX-324","G","N","G:N","NEG"
"2024-BIGSIX-325","C","T","C:T","POS"
"2024-BIGSIX-326","C","T","C:T","POS"
"2024-BIGSIX-327","S","T","S:T","HET"
"2024-BIGSIX-328","G","N","G:N","NEG"
"2024-BIGSIX-329","C","T","C:T","POS"
"2024-BIGSIX-330","C","N","C:N","NEG"
"2024-BIGSIX-331","C","T","C:T","POS"
"2024-BIGSIX-332","C","T","C:T","POS"
"2024-BIGSIX-333","C","T","C:T","POS"
"2024-BIGSIX-334","G","N","G:N","NEG"
"2024-BIGSIX-335","C","T","C:T","POS"
"2024-BIGSIX-336","G","N","G:N","NEG"
"2024-BIGSIX-337","C","T","C:T","POS"
"2024-BIGSIX-338","C","T","C:T","POS"
"2024-BIGSIX-339","C","T","C:T","POS"
"2024-BIGSIX-340","N","T","N:T","POS"
"2024-BIGSIX-341","C","T","C:T","POS"
"2024-BIGSIX-342","C","T","C:T","POS"
"2024-BIGSIX-343","C","T","C:T","POS"
"2024-BIGSIX-344","G","N","G:N","NEG"
"2024-BIGSIX-345","G","T","G:T","POS"
"2024-BIGSIX-346","N","N","N:N","UNIDENTIFIED"
"2024-BIGSIX-347","G","N","G:N","NEG"
"2024-BIGSIX-348","C","T","C:T","POS"
"2024-BIGSIX-349","G","T","G:T","POS"
"2024-BIGSIX-350","C","T","C:T","POS"
"2024-BIGSIX-351","C","T","C:T","POS"
"2024-BIGSIX-352","G","T","G:T","POS"
"2024-BIGSIX-353","G","N","G:N","NEG"
"2024-BIGSIX-354","N","N","N:N","UNIDENTIFIED"
"2024-BIGSIX-355","S","T","S:T","HET"
"2024-BIGSIX-356","G","N","G:N","NEG"
"2024-BIGSIX-357","C","T","C:T","POS"
"2024-BIGSIX-358","C","T","C:T","POS"
"2024-BIGSIX-359","S","T","S:T","HET"
"2024-BIGSIX-360","G","N","G:N","NEG"
"2024-BIGSIX-401","G","N","G:N","NEG"
"2024-BIGSIX-402","N","N","N:N","UNIDENTIFIED"
"2024-BIGSIX-403","S","T","S:T","HET"
"2024-BIGSIX-404","N","N","N:N","UNIDENTIFIED"
"2024-BIGSIX-405","C","T","C:T","POS"
"2024-BIGSIX-406","N","T","N:T","POS"
"2024-BIGSIX-407","G","N","G:N","NEG"
"2024-BIGSIX-408","C","T","C:T","POS"
"2024-BIGSIX-409","S","T","S:T","HET"
"2024-BIGSIX-410","N","N","N:N","UNIDENTIFIED"
"2024-BIGSIX-411","S","T","S:T","HET"
"2024-BIGSIX-412","N","N","N:N","UNIDENTIFIED"
"2024-BIGSIX-413","C","T","C:T","POS"
"2024-BIGSIX-414","G","N","G:N","NEG"
"2024-BIGSIX-415","G","N","G:N","NEG"
"2024-BIGSIX-416","G","N","G:N","NEG"
"2024-BIGSIX-417","N","T","N:T","POS"
"2024-BIGSIX-418","N","N","N:N","UNIDENTIFIED"
"2024-BIGSIX-419","S","T","S:T","HET"
"2024-BIGSIX-420","N","N","N:N","UNIDENTIFIED"
"2024-BIGSIX-421","G","N","G:N","NEG"
"2024-BIGSIX-422","G","T","G:T","POS"
"2024-BIGSIX-423","G","N","G:N","NEG"
"2024-BIGSIX-424","N","N","N:N","UNIDENTIFIED"
"2024-BIGSIX-425","N","N","N:N","UNIDENTIFIED"
"2024-BIGSIX-426","N","N","N:N","UNIDENTIFIED"
"2024-BIGSIX-427","G","N","G:N","NEG"
"2024-BIGSIX-428","N","T","N:T","POS"
"2024-BIGSIX-429","C","T","C:T","POS"
"2024-BIGSIX-430","G","T","G:T","POS"
"2024-BIGSIX-431","S","T","S:T","HET"
"2024-BIGSIX-432","C","T","C:T","POS"
"2024-BIGSIX-433","G","N","G:N","NEG"
"2024-BIGSIX-434","G","N","G:N","NEG"
"2024-BIGSIX-435","S","T","S:T","HET"
"2024-BIGSIX-436","C","T","C:T","POS"
"2024-BIGSIX-437","C","T","C:T","POS"
"2024-BIGSIX-438","G","N","G:N","NEG"
"2024-BIGSIX-439","G","N","G:N","NEG"
"2024-BIGSIX-440","G","T","G:T","POS"
"2024-BIGSIX-441","G","T","G:T","POS"
"2024-BIGSIX-442","G","T","G:T","POS"
"2024-BIGSIX-443","S","T","S:T","HET"
"2024-BIGSIX-444","C","T","C:T","POS"
"2024-BIGSIX-445","S","N","S:N","NEG"
"2024-BIGSIX-446","G","N","G:N","NEG"
"2024-BIGSIX-447","G","N","G:N","NEG"
"2024-BIGSIX-448","G","N","G:N","NEG"
"2024-BIGSIX-449","N","N","N:N","UNIDENTIFIED"
"2024-BIGSIX-450","N","N","N:N","UNIDENTIFIED"
"2024-BIGSIX-451","G","N","G:N","NEG"
"2024-BIGSIX-452","G","N","G:N","NEG"
"2024-BIGSIX-453","C","T","C:T","POS"
"2024-BIGSIX-454","C","T","C:T","POS"
"2024-BIGSIX-455","G","T","G:T","POS"
"2024-BIGSIX-456","S","T","S:T","HET"
"2024-BIGSIX-457","C","T","C:T","POS"
"2024-BIGSIX-458","G","N","G:N","NEG"
"2024-BIGSIX-459","G","N","G:N","NEG"
"2024-BIGSIX-460","S","T","S:T","HET"
"2024-BIGSIX-461","C","T","C:T","POS"
"2024-BIGSIX-462","C","T","C:T","POS"
"2024-BIGSIX-463","G","T","G:T","POS"
"2024-BIGSIX-464","G","N","G:N","NEG"
"2024-BIGSIX-465","G","T","G:T","POS"
"2024-BIGSIX-466","G","N","G:N","NEG"
"2024-BIGSIX-467","G","N","G:N","NEG"
"2024-BIGSIX-468","C","T","C:T","POS"
"2024-BIGSIX-469","N","N","N:N","UNIDENTIFIED"
"2024-BIGSIX-470","C","T","C:T","POS"
"2024-BIGSIX-501","C","T","C:T","POS"
"2024-BIGSIX-502","C","T","C:T","POS"
"2024-BIGSIX-503","C","T","C:T","POS"
"2024-BIGSIX-504","C","T","C:T","POS"
"2024-BIGSIX-505","G","N","G:N","NEG"
"2024-BIGSIX-506","C","T","C:T","POS"
"2024-BIGSIX-507","C","T","C:T","POS"
"2024-BIGSIX-508","C","T","C:T","POS"
"2024-BIGSIX-509","C","T","C:T","POS"
"2024-BIGSIX-510","C","T","C:T","POS"
"2024-BIGSIX-511","S","N","S:N","NEG"
"2024-BIGSIX-512","G","T","G:T","POS"
"2024-BIGSIX-513","N","N","N:N","UNIDENTIFIED"
"2024-BIGSIX-514","N","N","N:N","UNIDENTIFIED"
"2024-BIGSIX-515","S","N","S:N","NEG"
"2024-BIGSIX-516","G","N","G:N","NEG"
"2024-BIGSIX-517","C","T","C:T","POS"
"2024-BIGSIX-518","C","T","C:T","POS"
"2024-BIGSIX-519","G","T","G:T","POS"
"2024-BIGSIX-520","C","T","C:T","POS"
"2024-BLANK-3","N","N","N:N","UNIDENTIFIED"
"2024-BIGSIX-601","C","T","C:T","POS"
"2024-BIGSIX-602","N","N","N:N","UNIDENTIFIED"
"2024-BIGSIX-603","G","N","G:N","NEG"
"2024-BIGSIX-604","G","T","G:T","POS"
"2024-BIGSIX-605","G","T","G:T","POS"
"2024-BIGSIX-606","G","T","G:T","POS"
"2024-BIGSIX-607","S","T","S:T","HET"
"2024-BIGSIX-608","G","T","G:T","POS"
"2024-BIGSIX-609","G","N","G:N","NEG"
"2024-BIGSIX-610","G","T","G:T","POS"
"2024-BIGSIX-611","G","N","G:N","NEG"
"2024-BIGSIX-612","C","T","C:T","POS"
"2024-BIGSIX-613","S","T","S:T","HET"
"2024-BIGSIX-614","C","T","C:T","POS"
"2024-BIGSIX-615","C","T","C:T","POS"
"2024-BIGSIX-616","G","N","G:N","NEG"
"2024-BIGSIX-617","C","T","C:T","POS"
"2024-BIGSIX-618","C","T","C:T","POS"
"2024-BIGSIX-619","C","T","C:T","POS"
"2024-BIGSIX-620","C","T","C:T","POS"
"2024-BIGSIX-621","C","T","C:T","POS"
"2024-BIGSIX-622","C","T","C:T","POS"
"2024-BIGSIX-623","C","T","C:T","POS"
"2024-BIGSIX-624","C","T","C:T","POS"
"2024-BIGSIX-625","S","T","S:T","HET"
"2024-BIGSIX-626","C","T","C:T","POS"
"2024-BIGSIX-627","C","T","C:T","POS"
"2024-BIGSIX-628","C","T","C:T","POS"
"2024-BIGSIX-629","C","T","C:T","POS"
"2024-BIGSIX-630","C","T","C:T","POS"
"2024-BIGSIX-631","C","T","C:T","POS"
"2024-BIGSIX-632","C","T","C:T","POS"
"2024-BIGSIX-633","C","T","C:T","POS"
"2024-BIGSIX-634","C","T","C:T","POS"
"2024-BIGSIX-635","G","N","G:N","NEG"
"2024-BIGSIX-636","C","T","C:T","POS"
"2024-BIGSIX-637","C","T","C:T","POS"
"2024-BIGSIX-638","C","T","C:T","POS"
"2024-BIGSIX-639","S","T","S:T","HET"
"2024-BIGSIX-640","C","T","C:T","POS"
"2024-BIGSIX-641","G","T","G:T","POS"
"2024-BIGSIX-642","G","N","G:N","NEG"
"2024-BIGSIX-643","G","N","G:N","NEG"
"2024-BIGSIX-644","G","N","G:N","NEG"
"2024-BIGSIX-645","G","N","G:N","NEG"
"2024-BIGSIX-646","N","N","N:N","UNIDENTIFIED"
"2024-BIGSIX-647","C","T","C:T","POS"
"2024-BIGSIX-648","C","T","C:T","POS"
"2024-BIGSIX-649","C","T","C:T","POS"
"2024-BIGSIX-650","N","N","N:N","UNIDENTIFIED"
"2024-BIGSIX-651","N","N","N:N","UNIDENTIFIED"
"2024-BIGSIX-652","C","T","C:T","POS"
"2024-BIGSIX-653","G","N","G:N","NEG"
"2024-BIGSIX-654","N","N","N:N","UNIDENTIFIED"
"2024-BIGSIX-655","N","N","N:N","UNIDENTIFIED"
"2024-BIGSIX-656","C","T","C:T","POS"
"2024-BIGSIX-657","C","T","C:T","POS"
"2024-BIGSIX-658","C","T","C:T","POS"
"2024-BIGSIX-659","N","N","N:N","UNIDENTIFIED"
"2024-BIGSIX-660","G","N","G:N","NEG"
"2024-BIGSIX-661","G","N","G:N","NEG"
"2024-BIGSIX-662","N","N","N:N","UNIDENTIFIED"
"2024-BIGSIX-663","C","T","C:T","POS"
"2024-BIGSIX-664","C","T","C:T","POS"
"2024-BIGSIX-665","C","T","C:T","POS"
"2024-BIGSIX-666","G","N","G:N","NEG"
"2024-BIGSIX-667","G","N","G:N","NEG"
"2024-BIGSIX-668","C","T","C:T","POS"
"2024-BIGSIX-669","N","N","N:N","UNIDENTIFIED"
"2024-BIGSIX-670","G","N","G:N","NEG"
"2024-MDXN-1","G","N","G:N","NEG"
"2024-MDXN-2","G","N","G:N","NEG"
"2024-MDXN-3","G","N","G:N","NEG"
"2024-MDXN-4","C","T","C:T","POS"
"2024-MDXN-5","C","T","C:T","POS"
"2024-MDXN-6","C","T","C:T","POS"
"2024-MDXN-7","G","N","G:N","NEG"
"2024-MDXN-8","G","N","G:N","NEG"
"2024-MDXN-9","G","N","G:N","NEG"
"2024-MDXN-10","N","N","N:N","UNIDENTIFIED"
"2024-MDXN-11","C","T","C:T","POS"
"2024-MDXN-12","C","T","C:T","POS"
"2024-MDXN-13","G","N","G:N","NEG"
"2024-MDXN-14","G","N","G:N","NEG"
"2024-MDXN-15","C","T","C:T","POS"
"2024-MDXN-16","C","T","C:T","POS"
"2024-MDXN-17","C","T","C:T","POS"
"2024-MDXN-18","C","T","C:T","POS"
"2024-MDXN-19","C","T","C:T","POS"
"2024-MDXN-20","C","T","C:T","POS"
"2024-MDXN-21","G","N","G:N","NEG"
"2024-MDXN-22","N","N","N:N","UNIDENTIFIED"
"2024-MDXN-23","N","N","N:N","UNIDENTIFIED"
"2024-MDXN-24","C","T","C:T","POS"
"2024-BLANK-4","N","N","N:N","UNIDENTIFIED"
"2024-MDXN-25","G","N","G:N","NEG"
"2024-MDXN-26","C","T","C:T","POS"
"2024-MDXN-27","G","N","G:N","NEG"
"2024-MDXN-28","G","N","G:N","NEG"
"2024-MDXN-29","G","N","G:N","NEG"
"2024-MDXN-30","G","N","G:N","NEG"
"2024-MDXN-31","G","N","G:N","NEG"
"2024-MDXN-32","G","N","G:N","NEG"
"2024-MDXN-33","G","N","G:N","NEG"
"2024-MDXN-34","G","N","G:N","NEG"
"2024-MDXN-35","N","N","N:N","UNIDENTIFIED"
"2024-MDXN-36","C","T","C:T","POS"
"2024-MDXN-37","G","N","G:N","NEG"
"2024-MDXN-38","S","T","S:T","HET"
"2024-MDXN-39","N","N","N:N","UNIDENTIFIED"
"2024-MDXN-40","G","N","G:N","NEG"
"2024-MDXN-41","G","N","G:N","NEG"
"2024-MDXN-42","N","N","N:N","UNIDENTIFIED"
"2024-MDXN-43","N","N","N:N","UNIDENTIFIED"
"2024-MDXN-44","G","N","G:N","NEG"
"2024-MDXN-45","C","T","C:T","POS"
"2024-MDXN-46","G","N","G:N","NEG"
"2024-MDXN-47","C","T","C:T","POS"
"2024-MDXN-48","G","N","G:N","NEG"
"2024-MDXN-49","G","N","G:N","NEG"
"2024-MDXN-50","C","T","C:T","POS"
"2024-MDXN-51","G","N","G:N","NEG"
"2024-MDXN-52","G","N","G:N","NEG"
"2024-MDXN-53","C","T","C:T","POS"
"2024-MDXN-54","G","N","G:N","NEG"
"2024-MDXN-55","C","T","C:T","POS"
"2024-MDXN-56","C","T","C:T","POS"
"2024-MDXN-57","G","N","G:N","NEG"
"2024-MDXN-58","G","N","G:N","NEG"
"2024-MDXN-59","G","N","G:N","NEG"
"2024-MDXN-60","C","T","C:T","POS"
"2024-MDXN-61","G","N","G:N","NEG"
"2024-MDXN-62","C","T","C:T","POS"
"2024-MDXN-63","G","N","G:N","NEG"
"2024-MDXN-64","G","N","G:N","NEG"
"2024-MDXN-65","N","N","N:N","UNIDENTIFIED"
"2024-MDXN-66","N","N","N:N","UNIDENTIFIED"
"2024-MDXN-67","N","N","N:N","UNIDENTIFIED"
"2024-MDXN-68","N","N","N:N","UNIDENTIFIED"
"2024-MDXN-69","N","N","N:N","UNIDENTIFIED"
"2024-MDXN-70","N","N","N:N","UNIDENTIFIED"
"2024-MDXN-71","G","N","G:N","NEG"
"2024-MDXN-72","G","N","G:N","NEG"
"2024-MDXN-73","G","N","G:N","NEG"
"2024-MDXN-74","G","N","G:N","NEG"
"2024-MDXN-75","G","N","G:N","NEG"
"2024-MDXN-76","G","N","G:N","NEG"
"2024-MDXN-77","N","N","N:N","UNIDENTIFIED"
"2024-MDXN-78","G","N","G:N","NEG"
"2024-MDXN-79","N","N","N:N","UNIDENTIFIED"
"2024-MDXN-80","N","N","N:N","UNIDENTIFIED"
"2024-GAWN-1","N","N","N:N","UNIDENTIFIED"
"2024-GAWN-2","G","N","G:N","NEG"
"2024-GAWN-3","G","N","G:N","NEG"
"2024-GAWN-4","C","T","C:T","POS"
"2024-GAWN-5","N","N","N:N","UNIDENTIFIED"
"2024-GAWN-6","N","N","N:N","UNIDENTIFIED"
"2024-GAWN-7","S","T","S:T","HET"
"2024-GAWN-8","C","T","C:T","POS"
"2024-GAWN-9","G","N","G:N","NEG"
"2024-GAWN-10","G","N","G:N","NEG"
"2024-GAWN-11","G","N","G:N","NEG"
"2024-GAWN-12","G","N","G:N","NEG"
"2024-GAWN-13","G","N","G:N","NEG"
"2024-GAWN-14","C","T","C:T","POS"
"2024-GAWN-15","G","N","G:N","NEG"
"2024-GAWN-16","G","N","G:N","NEG"
"2024-GAWN-17","G","N","G:N","NEG"
"2024-GAWN-18","C","T","C:T","POS"
"2024-GAWN-19","C","T","C:T","POS"
"2024-GAWN-20","G","N","G:N","NEG"
"2024-GAWN-21","G","N","G:N","NEG"
"2024-GAWN-22","S","T","S:T","HET"
"2024-GAWN-23","N","N","N:N","UNIDENTIFIED"
"2024-GAWN-24","N","N","N:N","UNIDENTIFIED"
"2024-GAWN-25","G","N","G:N","NEG"
"2024-GAWN-26","N","N","N:N","UNIDENTIFIED"
"2024-GAWN-27","C","T","C:T","POS"
"2024-GAWN-28","G","N","G:N","NEG"
"2024-GAWN-29","G","N","G:N","NEG"
"2024-GAWN-30","G","N","G:N","NEG"
"2024-GAWN-31","C","T","C:T","POS"
"2024-GAWN-32","C","T","C:T","POS"
"2024-GAWN-33","C","T","C:T","POS"
"2024-GAWN-34","G","N","G:N","NEG"
"2024-GAWN-35","G","N","G:N","NEG"
"2024-GAWN-36","G","N","G:N","NEG"
"2024-GAWN-37","G","N","G:N","NEG"
"2024-GAWN-38","G","N","G:N","NEG"
"2024-GAWN-39","N","N","N:N","UNIDENTIFIED"
"2024-GAWN-40","G","N","G:N","NEG"
"2024-GAWN-41","G","N","G:N","NEG"
"2024-GAWN-42","G","T","G:T","POS"
"2024-GAWN-43","G","N","G:N","NEG"
"2024-GAWN-44","G","N","G:N","NEG"
"2024-GAWN-45","N","N","N:N","UNIDENTIFIED"
"2024-GAWN-46","C","T","C:T","POS"
"2024-GAWN-47","N","N","N:N","UNIDENTIFIED"
"2024-GAWN-48","G","N","G:N","NEG"
"2024-GAWN-49","G","N","G:N","NEG"
"2024-GAWN-50","G","N","G:N","NEG"
"2024-GAWN-51","N","N","N:N","UNIDENTIFIED"
"2024-GAWN-52","C","T","C:T","POS"
"2024-GAWN-53","G","N","G:N","NEG"
"2024-GAWN-54","G","N","G:N","NEG"
"2024-GAWN-55","C","T","C:T","POS"
"2024-GAWN-56","G","N","G:N","NEG"
"2024-GAWN-57","G","N","G:N","NEG"
"2024-GAWN-58","G","N","G:N","NEG"
"2024-GAWN-59","G","N","G:N","NEG"
"2024-GAWN-60","G","N","G:N","NEG"
"2024-BLANK-5","N","N","N:N","UNIDENTIFIED"
"2024-SUNWHEAT-1","C","T","C:T","POS"
"2024-SUNWHEAT-2","N","N","N:N","UNIDENTIFIED"
"2024-SUNWHEAT-3","G","N","G:N","NEG"
"2024-SUNWHEAT-4","G","N","G:N","NEG"
"2024-SUNWHEAT-5","G","N","G:N","NEG"
"2024-SUNWHEAT-6","G","N","G:N","NEG"
"2024-SUNWHEAT-7","N","N","N:N","UNIDENTIFIED"
"2024-SUNWHEAT-8","G","N","G:N","NEG"
"2024-SUNWHEAT-9","G","N","G:N","NEG"
"2024-SUNWHEAT-10","G","N","G:N","NEG"
"2024-SUNWHEAT-11","N","N","N:N","UNIDENTIFIED"
"2024-SUNWHEAT-12","N","N","N:N","UNIDENTIFIED"
"2024-SUNWHEAT-13","N","N","N:N","UNIDENTIFIED"
"2024-SUNWHEAT-14","N","N","N:N","UNIDENTIFIED"
"2024-SUNWHEAT-15","G","N","G:N","NEG"
"2024-SUNWHEAT-16","G","N","G:N","NEG"
"2024-SUNWHEAT-17","G","T","G:T","POS"
"2024-SUNWHEAT-18","G","N","G:N","NEG"
"2024-SUNWHEAT-19","N","N","N:N","UNIDENTIFIED"
"2024-SUNWHEAT-20","C","T","C:T","POS"
"2024-SUNWHEAT-21","C","T","C:T","POS"
"2024-SUNWHEAT-22","G","N","G:N","NEG"
"2024-SUNWHEAT-23","N","N","N:N","UNIDENTIFIED"
"2024-NUWWSN-23","G","N","G:N","NEG"
"2024-NUWWSN-24","C","T","C:T","POS"
"2024-NUWWSN-25","G","N","G:N","NEG"
"2024-NUWWSN-26","G","N","G:N","NEG"
"2024-NUWWSN-27","G","N","G:N","NEG"
"2024-NUWWSN-28","G","N","G:N","NEG"
"2024-NUWWSN-29","G","N","G:N","NEG"
"2024-NUWWSN-30","G","N","G:N","NEG"
"2024-NUWWSN-31","G","N","G:N","NEG"
"2024-NUWWSN-32","G","N","G:N","NEG"
"2024-NUWWSN-33","C","T","C:T","POS"
"2024-NUWWSN-34","G","N","G:N","NEG"
"2024-NUWWSN-35","G","N","G:N","NEG"
"2024-NUWWSN-36","S","T","S:T","HET"
"2024-NUWWSN-37","N","N","N:N","UNIDENTIFIED"
"2024-NUWWSN-38","G","N","G:N","NEG"
"2024-NUWWSN-39","G","N","G:N","NEG"
"2024-NUWWSN-40","C","T","C:T","POS"
"2024-NUWWSN-41","N","N","N:N","UNIDENTIFIED"
"2024-NUWWSN-42","N","N","N:N","UNIDENTIFIED"
"2024-NUWWSN-43","N","N","N:N","UNIDENTIFIED"
"2024-NUWWSN-44","G","N","G:N","NEG"
"2024-NUWWSN-45","G","N","G:N","NEG"
"2024-NUWWSN-46","N","N","N:N","UNIDENTIFIED"
"2024-NUWWSN-47","N","N","N:N","UNIDENTIFIED"
"2024-PNUWWSN-1","S","T","S:T","HET"
"2024-PNUWWSN-2","G","N","G:N","NEG"
"2024-PNUWWSN-3","N","N","N:N","UNIDENTIFIED"
"2024-PNUWWSN-4","G","N","G:N","NEG"
"2024-PNUWWSN-5","G","N","G:N","NEG"
"2024-PNUWWSN-6","G","N","G:N","NEG"
"2024-PNUWWSN-7","G","N","G:N","NEG"
"2024-PNUWWSN-8","G","N","G:N","NEG"
"2024-PNUWWSN-9","S","T","S:T","HET"
"2024-PNUWWSN-10","C","T","C:T","POS"
"2024-PNUWWSN-11","C","T","C:T","POS"
"2024-PNUWWSN-12","G","N","G:N","NEG"
"2024-PNUWWSN-13","S","T","S:T","HET"
"2024-PNUWWSN-14","N","N","N:N","UNIDENTIFIED"
"2024-PNUWWSN-15","C","T","C:T","POS"
"2024-PNUWWSN-16","G","N","G:N","NEG"
"2024-PNUWWSN-17","G","T","G:T","POS"
"2024-PNUWWSN-18","G","N","G:N","NEG"
"2024-PNUWWSN-19","C","T","C:T","POS"
"2024-PNUWWSN-20","C","T","C:T","POS"
"2024-PNUWWSN-21","G","N","G:N","NEG"
"2024-PNUWWSN-22","C","T","C:T","POS"
"2024-PNUWWSN-23","G","N","G:N","NEG"
"2024-PNUWWSN-24","G","N","G:N","NEG"
"2024-PNUWWSN-25","C","T","C:T","POS"
"2024-PNUWWSN-26","S","T","S:T","HET"
"2024-PNUWWSN-27","N","N","N:N","UNIDENTIFIED"
"2024-PNUWWSN-28","C","T","C:T","POS"
"2024-PNUWWSN-29","G","N","G:N","NEG"
"2024-PNUWWSN-30","G","N","G:N","NEG"
"2024-PNUWWSN-31","C","T","C:T","POS"
"2024-PNUWWSN-32","S","T","S:T","HET"
"2024-PNUWWSN-33","C","T","C:T","POS"
"2024-PNUWWSN-34","C","T","C:T","POS"
"2024-PNUWWSN-35","C","T","C:T","POS"
"2024-PNUWWSN-36","G","N","G:N","NEG"
"2024-PNUWWSN-37","C","T","C:T","POS"
"2024-PNUWWSN-38","C","T","C:T","POS"
"2024-PNUWWSN-39","S","N","S:N","NEG"
"2024-PNUWWSN-40","N","N","N:N","UNIDENTIFIED"
"2024-BLANK-7","N","N","N:N","UNIDENTIFIED"
"2024-SUWWSN-1","N","N","N:N","UNIDENTIFIED"
"2024-SUWWSN-2","N","N","N:N","UNIDENTIFIED"
"2024-SUWWSN-3","G","N","G:N","NEG"
"2024-SUWWSN-4","N","N","N:N","UNIDENTIFIED"
"2024-SUWWSN-5","G","N","G:N","NEG"
"2024-SUWWSN-6","C","T","C:T","POS"
"2024-SUWWSN-7","G","N","G:N","NEG"
"2024-SUWWSN-8","G","N","G:N","NEG"
"2024-SUWWSN-9","S","N","S:N","NEG"
"2024-SUWWSN-10","N","N","N:N","UNIDENTIFIED"
"2024-SUWWSN-11","G","N","G:N","NEG"
"2024-SUWWSN-12","G","N","G:N","NEG"
"2024-SUWWSN-13","C","T","C:T","POS"
"2024-SUWWSN-14","G","N","G:N","NEG"
"2024-SUWWSN-15","C","T","C:T","POS"
"2024-SUWWSN-16","C","T","C:T","POS"
"2024-SUWWSN-17","C","T","C:T","POS"
"2024-SUWWSN-18","C","T","C:T","POS"
"2024-SUWWSN-19","C","T","C:T","POS"
"2024-SUWWSN-20","G","N","G:N","NEG"
"2024-SUWWSN-21","N","N","N:N","UNIDENTIFIED"
"2024-SUWWSN-22","G","N","G:N","NEG"
"2024-SUWWSN-23","N","N","N:N","UNIDENTIFIED"
"2024-SUWWSN-24","N","N","N:N","UNIDENTIFIED"
"2024-SUWWSN-25","C","T","C:T","POS"
"2024-SUWWSN-26","C","T","C:T","POS"
"2024-SUWWSN-27","G","N","G:N","NEG"
"2024-SUWWSN-28","C","T","C:T","POS"
"2024-SUWWSN-29","G","T","G:T","POS"
"2024-SUWWSN-30","G","N","G:N","NEG"
"2024-SUNWHEAT-24","C","T","C:T","POS"
"2024-SUNWHEAT-25","G","N","G:N","NEG"
"2024-SUNWHEAT-26","C","T","C:T","POS"
"2024-SUNWHEAT-27","G","T","G:T","POS"
"2024-SUNWHEAT-28","N","N","N:N","UNIDENTIFIED"
"2024-SUNWHEAT-29","C","T","C:T","POS"
"2024-SUNWHEAT-30","G","N","G:N","NEG"
"2024-SUNWHEAT-31","C","T","C:T","POS"
"2024-SUNWHEAT-32","G","N","G:N","NEG"
"2024-SUNWHEAT-33","G","N","G:N","NEG"
"2024-SUNWHEAT-34","G","N","G:N","NEG"
"2024-SUNWHEAT-35","G","N","G:N","NEG"
"2024-SUNWHEAT-36","G","N","G:N","NEG"
"2024-SUNWHEAT-37","G","N","G:N","NEG"
"2024-SUNWHEAT-38","N","N","N:N","UNIDENTIFIED"
"2024-SUNWHEAT-39","G","N","G:N","NEG"
"2024-SUNWHEAT-40","C","T","C:T","POS"
"2024-SUNWHEAT-41","G","N","G:N","NEG"
"2024-SUNWHEAT-42","N","N","N:N","UNIDENTIFIED"
"2024-SUNWHEAT-43","N","N","N:N","UNIDENTIFIED"
"2024-SUNWHEAT-44","G","N","G:N","NEG"
"2024-SUNWHEAT-45","G","N","G:N","NEG"
"2024-SUNWHEAT-46","G","N","G:N","NEG"
"2024-SUNWHEAT-47","G","N","G:N","NEG"
"2024-SUNWHEAT-48","G","N","G:N","NEG"
"2024-SUNWHEAT-49","G","N","G:N","NEG"
"2024-SUNWHEAT-50","G","N","G:N","NEG"
"2024-SUNWHEAT-51","C","T","C:T","POS"
"2024-SUNWHEAT-52","G","N","G:N","NEG"
"2024-SUNWHEAT-53","G","N","G:N","NEG"
"2024-SUNWHEAT-54","S","T","S:T","HET"
"2024-SUNWHEAT-55","S","T","S:T","HET"
"2024-SUNWHEAT-56","G","N","G:N","NEG"
"2024-SUNWHEAT-57","G","N","G:N","NEG"
"2024-SUNWHEAT-58","G","N","G:N","NEG"
"2024-SUNWHEAT-59","S","T","S:T","HET"
"2024-SUNWHEAT-60","G","N","G:N","NEG"
"2024-SUNWHEAT-61","C","T","C:T","POS"
"2024-SUNWHEAT-62","G","N","G:N","NEG"
"2024-SUNWHEAT-63","C","T","C:T","POS"
"2024-SUNWHEAT-64","N","N","N:N","UNIDENTIFIED"
"2024-SUNWHEAT-65","G","N","G:N","NEG"
"2024-SUNWHEAT-66","G","N","G:N","NEG"
"2024-SUNWHEAT-67","G","N","G:N","NEG"
"2024-SUNWHEAT-68","N","N","N:N","UNIDENTIFIED"
"2024-SUNWHEAT-69","G","N","G:N","NEG"
"2024-SUNWHEAT-70","G","N","G:N","NEG"
"2024-SUNWHEAT-71","G","N","G:N","NEG"
"2024-SUNWHEAT-72","G","N","G:N","NEG"
"2024-SUNWHEAT-73","G","N","G:N","NEG"
"2024-SUNWHEAT-74","G","N","G:N","NEG"
"2024-SUNWHEAT-75","G","N","G:N","NEG"
"2024-SUNWHEAT-76","G","N","G:N","NEG"
"2024-SUNWHEAT-77","G","N","G:N","NEG"
"2024-SUNWHEAT-78","G","N","G:N","NEG"
"2024-SUNWHEAT-79","N","N","N:N","UNIDENTIFIED"
"2024-SUNWHEAT-80","G","N","G:N","NEG"
"2024-SUNWHEAT-81","G","N","G:N","NEG"
"2024-SUNWHEAT-82","C","T","C:T","POS"
"2024-SUNWHEAT-83","C","T","C:T","POS"
"2024-SUNWHEAT-84","C","T","C:T","POS"
"2024-SUNWHEAT-85","G","N","G:N","NEG"
"2024-SUNWHEAT-86","G","N","G:N","NEG"
"2024-SUNWHEAT-87","G","N","G:N","NEG"
"2024-SUNWHEAT-88","G","N","G:N","NEG"
"2024-SUNWHEAT-89","G","N","G:N","NEG"
"2024-SUNWHEAT-90","C","T","C:T","POS"
"2024-SUNWHEAT-91","G","N","G:N","NEG"
"2024-SUNWHEAT-92","G","N","G:N","NEG"
"2024-SUNWHEAT-93","C","T","C:T","POS"
"2024-SUNWHEAT-94","G","N","G:N","NEG"
"2024-SUNWHEAT-95","C","T","C:T","POS"
"2024-SUNWHEAT-96","G","N","G:N","NEG"
"2024-BLANK-6","N","N","N:N","UNIDENTIFIED"
"2024-NUWWSN-1","G","N","G:N","NEG"
"2024-NUWWSN-2","G","N","G:N","NEG"
"2024-NUWWSN-3","N","N","N:N","UNIDENTIFIED"
"2024-NUWWSN-4","G","N","G:N","NEG"
"2024-NUWWSN-5","C","T","C:T","POS"
"2024-NUWWSN-6","S","T","S:T","HET"
"2024-NUWWSN-7","G","N","G:N","NEG"
"2024-NUWWSN-8","G","T","G:T","POS"
"2024-NUWWSN-9","C","T","C:T","POS"
"2024-NUWWSN-10","N","N","N:N","UNIDENTIFIED"
"2024-NUWWSN-11","C","T","C:T","POS"
"2024-NUWWSN-12","N","N","N:N","UNIDENTIFIED"
"2024-NUWWSN-13","C","T","C:T","POS"
"2024-NUWWSN-14","C","T","C:T","POS"
"2024-NUWWSN-15","C","T","C:T","POS"
"2024-NUWWSN-16","C","T","C:T","POS"
"2024-NUWWSN-17","C","T","C:T","POS"
"2024-NUWWSN-18","G","N","G:N","NEG"
"2024-NUWWSN-19","C","T","C:T","POS"
"2024-NUWWSN-20","C","T","C:T","POS"
"2024-NUWWSN-21","G","N","G:N","NEG"
"2024-NUWWSN-22","C","T","C:T","POS"
"2024-SUWWSN-31","G","T","G:T","POS"
"2024-SUWWSN-32","G","N","G:N","NEG"
"2024-SUWWSN-33","C","T","C:T","POS"
"2024-SUWWSN-34","C","T","C:T","POS"
"2024-SUWWSN-35","C","T","C:T","POS"
"2024-SUWWSN-36","G","N","G:N","NEG"
"2024-SUWWSN-37","C","T","C:T","POS"
"2024-SUWWSN-38","C","T","C:T","POS"
"2024-SUWWSN-39","G","N","G:N","NEG"
"2024-SUWWSN-40","G","N","G:N","NEG"
"2024-SUWWSN-41","C","T","C:T","POS"
"2024-SUWWSN-42","G","N","G:N","NEG"
"2024-SUWWSN-43","G","N","G:N","NEG"
"2024-SUWWSN-44","G","N","G:N","NEG"
"2024-SUWWSN-45","S","T","S:T","HET"
"2024-SUWWSN-46","G","N","G:N","NEG"
"2024-SUWWSN-47","G","N","G:N","NEG"
"2024-SUWWSN-48","G","N","G:N","NEG"
"2024-SUWWSN-49","C","T","C:T","POS"
"2024-SUWWSN-50","G","N","G:N","NEG"
"2024-SUWWSN-51","G","N","G:N","NEG"
"2024-SUWWSN-52","G","N","G:N","NEG"
"2024-SUWWSN-53","G","N","G:N","NEG"
"2024-SUWWSN-54","G","N","G:N","NEG"
"2024-SUWWSN-55","G","N","G:N","NEG"
"2024-SUWWSN-56","C","T","C:T","POS"
"2024-SUWWSN-57","G","N","G:N","NEG"
"2024-SUWWSN-58","G","N","G:N","NEG"
"2024-SUWWSN-59","G","N","G:N","NEG"
"2024-BLANK-8","N","N","N:N","UNIDENTIFIED"
"2024-UBWT-1","N","N","N:N","UNIDENTIFIED"
"2024-UBWT-2","N","N","N:N","UNIDENTIFIED"
"2024-UBWT-3","N","N","N:N","UNIDENTIFIED"
"2024-UBWT-4","N","N","N:N","UNIDENTIFIED"
"2024-UBWT-5","N","N","N:N","UNIDENTIFIED"
"2024-UBWT-6","N","N","N:N","UNIDENTIFIED"
"2024-UBWT-7","G","N","G:N","NEG"
"2024-UBWT-8","N","N","N:N","UNIDENTIFIED"
"2024-UBWT-9","G","N","G:N","NEG"
"2024-UBWT-10","N","N","N:N","UNIDENTIFIED"
"2024-UBWT-11","N","N","N:N","UNIDENTIFIED"
"2024-UBWT-12","N","N","N:N","UNIDENTIFIED"
"2024-UBWT-13","N","N","N:N","UNIDENTIFIED"
"2024-UBWT-14","N","N","N:N","UNIDENTIFIED"
"2024-UBWT-15","N","N","N:N","UNIDENTIFIED"
"2024-UBWT-16","N","N","N:N","UNIDENTIFIED"
"2024-UBWT-17","G","N","G:N","NEG"
"2024-UBWT-18","G","N","G:N","NEG"
"2024-UBWT-19","N","N","N:N","UNIDENTIFIED"
"2024-UBWT-20","N","N","N:N","UNIDENTIFIED"
"2024-UBWT-21","G","N","G:N","NEG"
"2024-UBWT-22","G","N","G:N","NEG"
"2024-UBWT-23","G","N","G:N","NEG"
"2024-UBWT-24","N","N","N:N","UNIDENTIFIED"
"2024-UBWT-25","G","N","G:N","NEG"
"2024-UBWT-26","G","N","G:N","NEG"
"2024-UBWT-27","C","N","C:N","NEG"
"2024-UBWT-28","N","N","N:N","UNIDENTIFIED"
"2024-UBWT-29","N","N","N:N","UNIDENTIFIED"
"2024-UBWT-30","N","N","N:N","UNIDENTIFIED"
"2024-SUNPRE-1","G","N","G:N","NEG"
"2024-SUNPRE-2","G","N","G:N","NEG"
"2024-SUNPRE-3","G","N","G:N","NEG"
"2024-SUNPRE-4","C","T","C:T","POS"
"2024-SUNPRE-5","N","N","N:N","UNIDENTIFIED"
"2024-SUNPRE-6","N","N","N:N","UNIDENTIFIED"
"2024-SUNPRE-7","N","N","N:N","UNIDENTIFIED"
"2024-SUNPRE-8","C","T","C:T","POS"
"2024-SUNPRE-9","C","T","C:T","POS"
"2024-SUNPRE-10","G","N","G:N","NEG"
"2024-SUNPRE-11","G","N","G:N","NEG"
"2024-SUNPRE-12","G","N","G:N","NEG"
"2024-SUNPRE-13","N","N","N:N","UNIDENTIFIED"
"2024-SUNPRE-14","G","N","G:N","NEG"
"2024-SUNPRE-15","G","N","G:N","NEG"
"2024-SUNPRE-16","G","N","G:N","NEG"
"2024-SUNPRE-17","G","N","G:N","NEG"
"2024-SUNPRE-18","G","N","G:N","NEG"
"2024-SUNPRE-19","G","N","G:N","NEG"
"2024-SUNPRE-20","G","N","G:N","NEG"
"2024-SUNPRE-21","G","N","G:N","NEG"
"2024-SUNPRE-22","G","N","G:N","NEG"
"2024-SUNPRE-23","N","N","N:N","UNIDENTIFIED"
"2024-SUNPRE-24","G","N","G:N","NEG"
"2024-SUNPRE-25","G","N","G:N","NEG"
"2024-SUNPRE-26","G","N","G:N","NEG"
"2024-SUNPRE-27","G","N","G:N","NEG"
"2024-SUNPRE-28","G","T","G:T","POS"
"2024-SUNPRE-29","C","T","C:T","POS"
"2024-SUNPRE-30","G","N","G:N","NEG"
"2024-SUNPRE-31","N","N","N:N","UNIDENTIFIED"
"2024-SUNPRE-32","G","N","G:N","NEG"
"2024-SUNPRE-33","G","N","G:N","NEG"
"2024-SUNPRE-34","G","N","G:N","NEG"
"2024-SUNPRE-35","N","N","N:N","UNIDENTIFIED"
"2024-SUNPRE-36","G","N","G:N","NEG"
"2024-SUNPRE-37","S","N","S:N","NEG"
"2024-SUNPRE-38","G","N","G:N","NEG"
"2024-SUNPRE-39","G","N","G:N","NEG"
"2024-SUNPRE-40","G","N","G:N","NEG"
"2024-SUNPRE-41","G","N","G:N","NEG"
"2024-SUNPRE-42","N","T","N:T","POS"
"2024-SUNPRE-43","C","T","C:T","POS"
"2024-SUNPRE-44","C","T","C:T","POS"
"2024-SUNPRE-45","C","T","C:T","POS"
"2024-SUNPRE-46","G","N","G:N","NEG"
"2024-BLANK-9","N","N","N:N","UNIDENTIFIED"
"2024-SUNPRE-47","N","N","N:N","UNIDENTIFIED"
"2024-SUNPRE-48","C","T","C:T","POS"
"2024-SUNPRE-49","N","N","N:N","UNIDENTIFIED"
"2024-SUNPRE-50","C","T","C:T","POS"
"2024-SUNPRE-51","C","T","C:T","POS"
"2024-SUNPRE-52","N","N","N:N","UNIDENTIFIED"
"2024-SUNPRE-53","G","N","G:N","NEG"
"2024-SUNPRE-54","N","N","N:N","UNIDENTIFIED"
"2024-SUNPRE-55","G","N","G:N","NEG"
"2024-SUNPRE-56","G","N","G:N","NEG"
"2024-SUNPRE-57","G","N","G:N","NEG"
"2024-SUNPRE-58","G","N","G:N","NEG"
"2024-SUNPRE-59","G","T","G:T","POS"
"2024-SUNPRE-60","G","N","G:N","NEG"
"2024-SUNPRE-61","G","N","G:N","NEG"
"2024-SUNPRE-62","N","N","N:N","UNIDENTIFIED"
"2024-SUNPRE-63","G","N","G:N","NEG"
"2024-SUNPRE-64","C","T","C:T","POS"
"2024-SUNPRE-65","G","N","G:N","NEG"
"2024-SUNPRE-66","C","T","C:T","POS"
"2024-SUNPRE-67","C","T","C:T","POS"
"2024-SUNPRE-68","C","T","C:T","POS"
"2024-SUNPRE-69","C","T","C:T","POS"
"2024-SUNPRE-70","N","N","N:N","UNIDENTIFIED"
"2024-SUNPRE-71","S","T","S:T","HET"
"2024-SUNPRE-72","C","T","C:T","POS"
"2024-SUNPRE-73","C","T","C:T","POS"
"2024-SUNPRE-74","N","N","N:N","UNIDENTIFIED"
"2024-SUNPRE-75","S","N","S:N","NEG"
"2024-SUNPRE-76","C","T","C:T","POS"
"2024-SUNPRE-77","N","N","N:N","UNIDENTIFIED"
"2024-SUNPRE-78","N","N","N:N","UNIDENTIFIED"
"2024-SUNPRE-79","G","N","G:N","NEG"
"2024-SUNPRE-80","C","T","C:T","POS"
"2024-SUNPRE-81","G","N","G:N","NEG"
"2024-SUNPRE-82","G","N","G:N","NEG"
"2024-SUNPRE-83","C","T","C:T","POS"
"2024-SUNPRE-84","N","N","N:N","UNIDENTIFIED"
"2024-SUNPRE-85","G","N","G:N","NEG"
"2024-SUNPRE-86","N","N","N:N","UNIDENTIFIED"
"2024-SUNPRE-87","G","T","G:T","POS"
"2024-SUNPRE-88","G","N","G:N","NEG"
"2024-SUNPRE-89","N","N","N:N","UNIDENTIFIED"
"2024-SUNPRE-90","G","N","G:N","NEG"
"2024-SUNPRE-91","G","N","G:N","NEG"
"2024-SUNPRE-92","G","N","G:N","NEG"
"2024-SUNPRE-93","G","N","G:N","NEG"
"2024-SUNPRE-94","G","N","G:N","NEG"
"2024-SUNPRE-95","G","N","G:N","NEG"
"2024-SUNPRE-96","N","N","N:N","UNIDENTIFIED"
"2024-SUNPRE-97","N","N","N:N","UNIDENTIFIED"
"2024-SUNPRE-98","N","N","N:N","UNIDENTIFIED"
"2024-SUNPRE-99","G","N","G:N","NEG"
"2024-SUNPRE-100","G","N","G:N","NEG"
"2024-SUNPRE-101","G","N","G:N","NEG"
"2024-SUNPRE-102","N","N","N:N","UNIDENTIFIED"
"2024-SUNPRE-103","S","N","S:N","NEG"
"2024-SUNPRE-104","G","T","G:T","POS"
"2024-SUNPRE-105","G","N","G:N","NEG"
"2024-SUNPRE-106","G","N","G:N","NEG"
"2024-SUNPRE-107","G","N","G:N","NEG"
"2024-SUNPRE-108","C","T","C:T","POS"
"2024-SUNPRE-109","G","N","G:N","NEG"
"2024-SUNPRE-110","N","N","N:N","UNIDENTIFIED"
"2024-SUNPRE-111","G","N","G:N","NEG"
"2024-SUNPRE-112","N","N","N:N","UNIDENTIFIED"
"2024-SUNPRE-113","G","T","G:T","POS"
"2024-SUNPRE-114","G","T","G:T","POS"
"2024-SUNPRE-115","G","N","G:N","NEG"
"2024-SUNPRE-116","C","T","C:T","POS"
"2024-SUNPRE-117","G","N","G:N","NEG"
"2024-SUNPRE-118","N","N","N:N","UNIDENTIFIED"
"2024-SUNPRE-119","G","N","G:N","NEG"
"2024-SUNPRE-120","G","N","G:N","NEG"
"2024-SUNPRE-121","G","N","G:N","NEG"
"2024-SUNPRE-122","G","N","G:N","NEG"
"2024-SUNPRE-123","G","N","G:N","NEG"
"2024-SUNPRE-124","G","N","G:N","NEG"
"2024-SUNPRE-125","G","N","G:N","NEG"
"2024-SUNPRE-126","N","N","N:N","UNIDENTIFIED"
"2024-SUNPRE-127","C","T","C:T","POS"
"2024-SUNPRE-128","C","T","C:T","POS"
"2024-SUNPRE-129","G","N","G:N","NEG"
"2024-SUNPRE-130","C","T","C:T","POS"
"2024-SUNPRE-131","C","T","C:T","POS"
"2024-SUNPRE-132","C","T","C:T","POS"
"2024-SUNPRE-133","G","N","G:N","NEG"
"2024-SUNPRE-134","G","N","G:N","NEG"
"2024-SUNPRE-135","G","N","G:N","NEG"
"2024-SUNPRE-136","G","N","G:N","NEG"
"2024-SUNPRE-137","G","N","G:N","NEG"
"2024-SUNPRE-138","G","N","G:N","NEG"
"2024-SUNPRE-139","G","N","G:N","NEG"
"2024-SUNPRE-140","N","N","N:N","UNIDENTIFIED"
"2024-SUNPRE-141","G","N","G:N","NEG"
"2024-SUNPRE-142","G","N","G:N","NEG"
"2024-SUNPRE-143","N","N","N:N","UNIDENTIFIED"
"2024-SUNPRE-144","N","N","N:N","UNIDENTIFIED"
"2024-SUNPRE-145","G","N","G:N","NEG"
"2024-SUNPRE-146","N","N","N:N","UNIDENTIFIED"
"2024-SUNPRE-147","G","N","G:N","NEG"
"2024-SUNPRE-148","N","N","N:N","UNIDENTIFIED"
"2024-SUNPRE-149","G","N","G:N","NEG"
"2024-SUNPRE-150","G","N","G:N","NEG"
"2024-SUNPRE-151","C","T","C:T","POS"
"2024-SUNPRE-152","G","N","G:N","NEG"
"2024-SUNPRE-153","G","N","G:N","NEG"
"2024-SUNPRE-154","G","N","G:N","NEG"
"2024-SUNPRE-155","C","T","C:T","POS"
"2024-SUNPRE-156","C","T","C:T","POS"
"2024-SUNPRE-157","G","N","G:N","NEG"
"2024-SUNPRE-158","G","N","G:N","NEG"
"2024-SUNPRE-159","G","N","G:N","NEG"
"2024-SUNPRE-160","G","N","G:N","NEG"
"2024-SUNPRE-161","G","N","G:N","NEG"
"2024-SUNPRE-162","C","T","C:T","POS"
"2024-SUNPRE-163","G","N","G:N","NEG"
"2024-SUNPRE-164","C","T","C:T","POS"
"2024-BLANK-10","N","N","N:N","UNIDENTIFIED"
"2024-SUNPRE-165","N","N","N:N","UNIDENTIFIED"
"2024-SUNPRE-166","G","N","G:N","NEG"
"2024-SUNPRE-167","N","N","N:N","UNIDENTIFIED"
"2024-SUNPRE-168","N","N","N:N","UNIDENTIFIED"
"2024-SUNPRE-169","N","N","N:N","UNIDENTIFIED"
"2024-SUNPRE-170","G","T","G:T","POS"
"2024-SUNPRE-171","N","N","N:N","UNIDENTIFIED"
"2024-SUNPRE-172","G","N","G:N","NEG"
"2024-SUNPRE-173","C","T","C:T","POS"
"2024-SUNPRE-174","C","T","C:T","POS"
"2024-SUNPRE-175","G","N","G:N","NEG"
"2024-SUNPRE-176","G","N","G:N","NEG"
"2024-SUNPRE-177","G","N","G:N","NEG"
"2024-SUNPRE-178","G","N","G:N","NEG"
"2024-SUNPRE-179","N","N","N:N","UNIDENTIFIED"
"2024-SUNPRE-180","G","T","G:T","POS"
"2024-SUNPRE-181","G","N","G:N","NEG"
"2024-SUNPRE-182","G","N","G:N","NEG"
"2024-SUNPRE-183","N","N","N:N","UNIDENTIFIED"
"2024-SUNPRE-184","C","T","C:T","POS"
"2024-SUNPRE-185","C","T","C:T","POS"
"2024-SUNPRE-186","C","T","C:T","POS"
"2024-SUNPRE-187","G","N","G:N","NEG"
"2024-SUNPRE-188","N","N","N:N","UNIDENTIFIED"
"2024-SUNPRE-189","N","N","N:N","UNIDENTIFIED"
"2024-SUNPRE-190","G","N","G:N","NEG"
"2024-SUNPRE-191","N","N","N:N","UNIDENTIFIED"
"2024-SUNPRE-192","G","N","G:N","NEG"
"2024-SUNPRE-193","G","N","G:N","NEG"
"2024-SUNPRE-194","G","N","G:N","NEG"
"2024-SUNPRE-195","G","N","G:N","NEG"
"2024-SUNPRE-196","N","N","N:N","UNIDENTIFIED"
"2024-SUNPRE-197","G","N","G:N","NEG"
"2024-SUNPRE-198","G","N","G:N","NEG"
"2024-SUNPRE-199","G","N","G:N","NEG"
"2024-SUNPRE-200","N","N","N:N","UNIDENTIFIED"
"2024-SUNPRE-201","N","N","N:N","UNIDENTIFIED"
"2024-SUNPRE-202","N","N","N:N","UNIDENTIFIED"
"2024-SUNPRE-203","G","N","G:N","NEG"
"2024-SUNPRE-204","G","N","G:N","NEG"
"2024-SUNPRE-205","G","N","G:N","NEG"
"2024-SUNPRE-206","G","N","G:N","NEG"
"2024-SUNPRE-207","G","N","G:N","NEG"
"2024-SUNPRE-208","G","N","G:N","NEG"
"2024-SUNPRE-209","G","N","G:N","NEG"
"2024-SUNPRE-210","G","N","G:N","NEG"
"2024-SUNPRE-211","G","N","G:N","NEG"
"2024-SUNPRE-212","C","T","C:T","POS"
"2024-SUNPRE-213","G","N","G:N","NEG"
"2024-SUNPRE-214","G","N","G:N","NEG"
"2024-SUNPRE-215","C","T","C:T","POS"
"2024-SUNPRE-216","G","N","G:N","NEG"
"2024-SUNPRE-217","C","T","C:T","POS"
"2024-SUNPRE-218","G","N","G:N","NEG"
"2024-SUNPRE-219","G","N","G:N","NEG"
"2024-SUNPRE-220","G","N","G:N","NEG"
"2024-SUNPRE-221","G","N","G:N","NEG"
"2024-SUNPRE-222","G","N","G:N","NEG"
"2024-SUNPRE-223","G","N","G:N","NEG"
"2024-SUNPRE-224","G","N","G:N","NEG"
"2024-SUNPRE-225","G","N","G:N","NEG"
"2024-SUNPRE-226","G","N","G:N","NEG"
"2024-SUNPRE-227","G","N","G:N","NEG"
"2024-SUNPRE-228","G","N","G:N","NEG"
"2024-SUNPRE-229","N","N","N:N","UNIDENTIFIED"
"2024-SUNPRE-230","G","N","G:N","NEG"
"2024-SUNPRE-231","C","T","C:T","POS"
"2024-SUNPRE-232","G","N","G:N","NEG"
"2024-SUNPRE-233","N","N","N:N","UNIDENTIFIED"
"2024-SUNPRE-234","G","N","G:N","NEG"
"2024-BLANK-11","N","N","N:N","UNIDENTIFIED"
"2024-CONTROL-01","G","N","G:N","NEG"
"2024-CONTROL-02","C","T","C:T","POS"
"2024-CONTROL-03","C","N","C:N","NEG"
"2024-CONTROL-04","N","N","N:N","UNIDENTIFIED"
"2024-CONTROL-05","N","N","N:N","UNIDENTIFIED"
"2024-CONTROL-06","G","N","G:N","NEG"
"2024-CONTROL-07","G","N","G:N","NEG"
"2024-CONTROL-08","N","N","N:N","UNIDENTIFIED"
"2024-CONTROL-09","N","N","N:N","UNIDENTIFIED"
"2024-CONTROL-10","G","N","G:N","NEG"
"2024-CONTROL-11","C","T","C:T","POS"
"2024-CONTROL-12","N","N","N:N","UNIDENTIFIED"
"2024-CONTROL-13","N","N","N:N","UNIDENTIFIED"
"2024-CONTROL-14","G","N","G:N","NEG"
"2024-CONTROL-15","N","N","N:N","UNIDENTIFIED"
"2024-CONTROL-16","G","N","G:N","NEG"
"2024-CONTROL-17","N","N","N:N","UNIDENTIFIED"
"2024-CONTROL-18","G","N","G:N","NEG"
"2024-CONTROL-19","G","N","G:N","NEG"
"2024-CONTROL-20","N","N","N:N","UNIDENTIFIED"
"2024-CONTROL-21","N","N","N:N","UNIDENTIFIED"
"2024-CONTROL-22","G","N","G:N","NEG"
"2024-CONTROL-23","N","N","N:N","UNIDENTIFIED"
"2024-CONTROL-24","G","N","G:N","NEG"
"2024-CONTROL-25","G","N","G:N","NEG"
"2024-CONTROL-26","G","N","G:N","NEG"
"2024-CONTROL-27","G","N","G:N","NEG"
"2024-CONTROL-28","G","N","G:N","NEG"
"2024-CONTROL-29","G","N","G:N","NEG"
"2024-CONTROL-30","G","N","G:N","NEG"
"2024-CONTROL-31","G","N","G:N","NEG"
"2024-CONTROL-32","G","N","G:N","NEG"
"2024-CONTROL-33","G","N","G:N","NEG"
"2024-CONTROL-34","G","N","G:N","NEG"
"2024-CONTROL-35","G","N","G:N","NEG"
"2024-CONTROL-36","G","N","G:N","NEG"
"2024-CONTROL-37","G","N","G:N","NEG"
"2024-CONTROL-38","G","N","G:N","NEG"
"2024-CONTROL-39","N","N","N:N","UNIDENTIFIED"
"2024-CONTROL-40","G","N","G:N","NEG"
"2024-CONTROL-41","G","N","G:N","NEG"
"2024-CONTROL-42","G","N","G:N","NEG"
"2024-CONTROL-43","G","N","G:N","NEG"
"2024-CONTROL-44","N","N","N:N","UNIDENTIFIED"
"2024-CONTROL-45","G","N","G:N","NEG"
"2024-CONTROL-46","G","N","G:N","NEG"
"2024-CONTROL-47","G","N","G:N","NEG"
"2024-SUNRIL-1","G","N","G:N","NEG"
"2024-SUNRIL-2","G","N","G:N","NEG"
"2024-SUNRIL-3","G","N","G:N","NEG"
"2024-SUNRIL-4","G","N","G:N","NEG"
"2024-SUNRIL-5","G","N","G:N","NEG"
"2024-SUNRIL-6","G","N","G:N","NEG"
"2024-SUNRIL-7","G","N","G:N","NEG"
"2024-SUNRIL-8","G","N","G:N","NEG"
"2024-SUNRIL-9","N","N","N:N","UNIDENTIFIED"
"2024-SUNRIL-10","G","N","G:N","NEG"
"2024-SUNRIL-11","G","N","G:N","NEG"
"2024-SUNRIL-12","G","N","G:N","NEG"
"2024-SUNRIL-13","G","N","G:N","NEG"
"2024-SUNRIL-14","G","N","G:N","NEG"
"2024-SUNRIL-15","N","N","N:N","UNIDENTIFIED"
"2024-SUNRIL-16","G","N","G:N","NEG"
"2024-SUNRIL-17","G","N","G:N","NEG"
"2024-SUNRIL-18","G","N","G:N","NEG"
"2024-SUNRIL-19","N","N","N:N","UNIDENTIFIED"
"2024-SUNRIL-20","G","N","G:N","NEG"
"2024-SUNRIL-21","G","N","G:N","NEG"
"2024-SUNRIL-22","G","N","G:N","NEG"
"2024-SUNRIL-23","G","N","G:N","NEG"
"2024-SUNRIL-24","G","N","G:N","NEG"
"2024-SUNRIL-25","G","N","G:N","NEG"
"2024-SUNRIL-26","G","N","G:N","NEG"
"2024-SUNRIL-27","G","N","G:N","NEG"
"2024-SUNRIL-28","G","N","G:N","NEG"
"2024-SUNRIL-29","G","N","G:N","NEG"
"2024-SUNRIL-30","G","N","G:N","NEG"
"2024-SUNRIL-31","G","N","G:N","NEG"
"2024-SUNRIL-32","G","N","G:N","NEG"
"2024-SUNRIL-33","G","N","G:N","NEG"
"2024-SUNRIL-34","G","N","G:N","NEG"
"2024-SUNRIL-35","G","N","G:N","NEG"
"2024-CONTROL-48","S","T","S:T","HET"
"2024-CONTROL-49","G","N","G:N","NEG"
"2024-CONTROL-50","G","N","G:N","NEG"
"2024-CONTROL-51","G","N","G:N","NEG"
"2024-CONTROL-52","G","N","G:N","NEG"
"2023-EXOME-III-01","G","N","G:N","NEG"
"2023-EXOME-III-02","G","N","G:N","NEG"
"2023-EXOME-III-03","N","N","N:N","UNIDENTIFIED"
"2023-EXOME-III-04","G","N","G:N","NEG"
"2023-EXOME-III-05","N","N","N:N","UNIDENTIFIED"
"2023-EXOME-III-06","N","N","N:N","UNIDENTIFIED"
"2023-EXOME-III-07","N","N","N:N","UNIDENTIFIED"
"2023-EXOME-III-08","N","N","N:N","UNIDENTIFIED"
"2023-EXOME-III-09","N","N","N:N","UNIDENTIFIED"
"2023-EXOME-III-10","G","N","G:N","NEG"
"2023-EXOME-III-11","C","T","C:T","POS"
"2023-EXOME-III-12","C","T","C:T","POS"
"2023-EXOME-III-13","N","N","N:N","UNIDENTIFIED"
"2023-EXOME-III-14","N","N","N:N","UNIDENTIFIED"
"2023-EXOME-III-15","G","N","G:N","NEG"
"2023-EXOME-III-16","N","N","N:N","UNIDENTIFIED"
"2023-EXOME-III-17","G","N","G:N","NEG"
"2023-EXOME-III-18","G","N","G:N","NEG"
"2023-EXOME-III-19","C","T","C:T","POS"
"2023-EXOME-III-20","C","T","C:T","POS"
"2023-EXOME-III-21","C","T","C:T","POS"
"2023-EXOME-III-22","G","N","G:N","NEG"
"2023-EXOME-III-23","G","N","G:N","NEG"
"2023-EXOME-III-24","G","N","G:N","NEG"
"2023-EXOME-III-25","N","N","N:N","UNIDENTIFIED"
"2023-EXOME-III-26","C","T","C:T","POS"
"2023-EXOME-III-27","G","N","G:N","NEG"
"2023-EXOME-III-28","N","N","N:N","UNIDENTIFIED"
"2023-EXOME-III-29","N","N","N:N","UNIDENTIFIED"
"2023-EXOME-III-30","N","N","N:N","UNIDENTIFIED"
"2023-BLANK-18","N","N","N:N","UNIDENTIFIED"
"2023-BLANK-19","N","N","N:N","UNIDENTIFIED"
"2023-EXOME-III-31","G","N","G:N","NEG"
"2023-EXOME-III-32","G","N","G:N","NEG"
"2023-EXOME-III-33","G","N","G:N","NEG"
"2023-EXOME-III-34","G","N","G:N","NEG"
"2023-EXOME-III-35","N","N","N:N","UNIDENTIFIED"
"2023-EXOME-III-36","N","N","N:N","UNIDENTIFIED"
"2023-EXOME-III-37","G","N","G:N","NEG"
"2023-EXOME-III-38","G","N","G:N","NEG"
"2023-EXOME-III-39","G","N","G:N","NEG"
"2023-EXOME-III-40","G","N","G:N","NEG"
"2023-EXOME-III-41","G","N","G:N","NEG"
"2023-EXOME-III-42","G","N","G:N","NEG"
"2023-EXOME-III-43","G","N","G:N","NEG"
"2023-EXOME-III-44","G","N","G:N","NEG"
"2023-EXOME-III-45","G","N","G:N","NEG"
"2023-EXOME-III-46","G","N","G:N","NEG"
"2024-EXOME-III-47","G","N","G:N","NEG"
"2024-EXOME-III-48","N","N","N:N","UNIDENTIFIED"
"2024-EXOME-III-49","N","N","N:N","UNIDENTIFIED"
"2024-EXOME-III-50","N","N","N:N","UNIDENTIFIED"
"2024-EXOME-III-51","N","N","N:N","UNIDENTIFIED"
"2024-EXOME-III-52","N","N","N:N","UNIDENTIFIED"
"2024-EXOME-III-53","N","N","N:N","UNIDENTIFIED"
"2024-EXOME-III-54","N","N","N:N","UNIDENTIFIED"
"2024-CONTROL-53","G","N","G:N","NEG"
"2024-CONTROL-54","N","N","N:N","UNIDENTIFIED"
"2024-CONTROL-55","G","N","G:N","NEG"
"2024-CONTROL-56","G","N","G:N","NEG"
"2024-CONTROL-57","N","N","N:N","UNIDENTIFIED"
"2024-CONTROL-58","N","N","N:N","UNIDENTIFIED"
"2024-CONTROL-59","G","N","G:N","NEG"
"2024-CONTROL-60","N","N","N:N","UNIDENTIFIED"
"2024-CONTROL-61","N","N","N:N","UNIDENTIFIED"
"2024-CONTROL-62","N","N","N:N","UNIDENTIFIED"
"2024-CONTROL-63","G","N","G:N","NEG"
"2024-CONTROL-64","N","N","N:N","UNIDENTIFIED"
"2024-CONTROL-65","N","N","N:N","UNIDENTIFIED"
"2024-CONTROL-66","N","N","N:N","UNIDENTIFIED"
"2024-CONTROL-67","G","N","G:N","NEG"
"2024-CONTROL-68","G","N","G:N","NEG"
"2024-CONTROL-69","G","N","G:N","NEG"
"2024-CONTROL-70","G","N","G:N","NEG"
"2024-CONTROL-71","G","N","G:N","NEG"
"2024-CONTROL-72","N","N","N:N","UNIDENTIFIED"
"2024-CONTROL-73","N","N","N:N","UNIDENTIFIED"
"2024-CONTROL-74","N","N","N:N","UNIDENTIFIED"
"2024-CONTROL-75","N","N","N:N","UNIDENTIFIED"
"2024-CONTROL-76","G","N","G:N","NEG"
"2024-CONTROL-77","N","N","N:N","UNIDENTIFIED"
"2024-CONTROL-78","G","N","G:N","NEG"
"2024-CONTROL-79","N","N","N:N","UNIDENTIFIED"
"2024-CONTROL-80","N","N","N:N","UNIDENTIFIED"
"2024-CONTROL-81","G","N","G:N","NEG"
"2024-CONTROL-82","N","N","N:N","UNIDENTIFIED"
"2024-CONTROL-83","N","N","N:N","UNIDENTIFIED"
"2024-CONTROL-84","N","N","N:N","UNIDENTIFIED"
"2024-CONTROL-85","N","N","N:N","UNIDENTIFIED"
"2024-CONTROL-86","G","N","G:N","NEG"
"2024-CONTROL-87","N","N","N:N","UNIDENTIFIED"
"2024-CONTROL-88","N","N","N:N","UNIDENTIFIED"
"2024-CONTROL-89","N","N","N:N","UNIDENTIFIED"
"2024-CONTROL-90","G","N","G:N","NEG"
"2024-CONTROL-91","G","N","G:N","NEG"
"2024-CONTROL-92","N","N","N:N","UNIDENTIFIED"
"2024-GAM-GA24HT001","G","N","G:N","NEG"
"2024-GAM-GA24HT002","N","N","N:N","UNIDENTIFIED"
"2024-GAM-GA24HT003","N","N","N:N","UNIDENTIFIED"
"2024-GAM-GA24HT004","G","N","G:N","NEG"
"2024-GAM-GA24HT005","G","N","G:N","NEG"
"2024-GAM-GA24HT006","N","N","N:N","UNIDENTIFIED"
"2024-GAM-GA24HT007","N","N","N:N","UNIDENTIFIED"
"2024-GAM-GA24HT008","N","N","N:N","UNIDENTIFIED"
"2024-GAM-GA24HT009","G","N","G:N","NEG"
"2024-GAM-GA24HT010","N","N","N:N","UNIDENTIFIED"
"2024-GAM-GA24HT011","N","N","N:N","UNIDENTIFIED"
"2024-GAM-GA24HT012","G","T","G:T","POS"
"2024-GAM-GA24HT013","C","T","C:T","POS"
"2024-GAM-GA24HT014","N","N","N:N","UNIDENTIFIED"
"2024-GAM-GA24HT015","G","N","G:N","NEG"
"2024-GAM-GA24HT016","G","N","G:N","NEG"
"2024-GAM-GA24HT017","S","T","S:T","HET"
"2024-GAM-GA24HT018","G","N","G:N","NEG"
"2024-GAM-GA24HT019","G","N","G:N","NEG"
"2024-GAM-GA24HT020","G","N","G:N","NEG"
"2024-GAM-GA24HT021","N","N","N:N","UNIDENTIFIED"
"2024-GAM-GA24HT022","C","T","C:T","POS"
"2024-GAM-GA24HT023","N","N","N:N","UNIDENTIFIED"
"2024-GAM-GA24HT024","N","N","N:N","UNIDENTIFIED"
"2024-GAM-GA24HT025","G","N","G:N","NEG"
"2024-GAM-GA24HT026","C","T","C:T","POS"
"2024-GAM-GA24HT027","G","N","G:N","NEG"
"2024-GAM-GA24HT028","G","N","G:N","NEG"
"2024-GAM-GA24HT029","G","N","G:N","NEG"
"2024-GAM-GA24HT030","N","N","N:N","UNIDENTIFIED"
"2024-GAM-GA24HT031","G","N","G:N","NEG"
"2024-GAM-GA24HT032","N","N","N:N","UNIDENTIFIED"
"2024-GAM-GA24HT033","N","N","N:N","UNIDENTIFIED"
"2024-GAM-GA24HT034","G","T","G:T","POS"
"2024-GAM-GA24HT035","G","N","G:N","NEG"
"2024-GAM-GA24HT036","G","N","G:N","NEG"
"2024-GAM-GA24HT037","G","N","G:N","NEG"
"2024-GAM-GA24HT038","N","N","N:N","UNIDENTIFIED"
"2024-GAM-GA24HT039","N","N","N:N","UNIDENTIFIED"
"2024-GAM-GA24HT040","G","N","G:N","NEG"
"2024-GAM-GA24HT041","G","N","G:N","NEG"
"2024-GAM-GA24HT042","N","N","N:N","UNIDENTIFIED"
"2024-GAM-GA24HT043","G","N","G:N","NEG"
"2024-GAM-GA24HT044","C","T","C:T","POS"
"2024-GAM-GA24HT045","G","N","G:N","NEG"
"2024-GAM-GA24HT046","C","T","C:T","POS"
"2024-GAM-GA24HT047","G","N","G:N","NEG"
"2024-GAM-GA24HT048","N","N","N:N","UNIDENTIFIED"
"2024-GAM-GA24HT049","N","N","N:N","UNIDENTIFIED"
"2024-GAM-GA24HT050","C","T","C:T","POS"
"2024-GAM-GA24HT051","C","T","C:T","POS"
"2024-GAM-GA24HT052","N","N","N:N","UNIDENTIFIED"
"2024-GAM-GA24HT053","C","T","C:T","POS"
"2024-GAM-GA24HT054","N","N","N:N","UNIDENTIFIED"
"2024-GAM-GA24HT055","G","N","G:N","NEG"
"2024-GAM-GA24HT056","N","N","N:N","UNIDENTIFIED"
"2024-GAM-GA24HT057","N","N","N:N","UNIDENTIFIED"
"2024-GAM-GA24HT058","N","N","N:N","UNIDENTIFIED"
"2024-GAM-GA24HT059","G","N","G:N","NEG"
"2024-GAM-GA24HT060","N","N","N:N","UNIDENTIFIED"
"2024-GAM-GA24HT061","N","N","N:N","UNIDENTIFIED"
"2024-GAM-GA24HT062","N","N","N:N","UNIDENTIFIED"
"2024-GAM-GA24HT063","G","N","G:N","NEG"
"2024-GAM-GA24HT064","G","N","G:N","NEG"
"2024-GAM-GA24HT065","G","N","G:N","NEG"
"2024-GAM-GA24HT066","G","N","G:N","NEG"
"2024-GAM-GA24HT067","G","N","G:N","NEG"
"2024-GAM-GA24HT068","G","N","G:N","NEG"
"2024-GAM-GA24HT069","N","N","N:N","UNIDENTIFIED"
"2024-GAM-GA24HT070","G","N","G:N","NEG"
"2024-GAM-GA24HT071","N","N","N:N","UNIDENTIFIED"
"2024-GAM-GA24HT072","N","N","N:N","UNIDENTIFIED"
"2024-GAM-GA24HT073","G","N","G:N","NEG"
"2024-GAM-GA24HT074","G","N","G:N","NEG"
"2024-GAM-GA24HT075","G","N","G:N","NEG"
"2024-GAM-GA24HT076","G","N","G:N","NEG"
"2024-GAM-GA24HT077","N","N","N:N","UNIDENTIFIED"
"2024-GAM-GA24HT078","N","N","N:N","UNIDENTIFIED"
"2024-GAM-GA24HT079","N","N","N:N","UNIDENTIFIED"
"2024-GAM-GA24HT080","G","N","G:N","NEG"
"2024-GAM-GA24HT081","N","N","N:N","UNIDENTIFIED"
"2024-GAM-GA24HT082","G","N","G:N","NEG"
"2024-GAM-GA24HT083","G","N","G:N","NEG"
"2024-GAM-GA24HT084","N","N","N:N","UNIDENTIFIED"
"2024-GAM-GA24HT085","N","N","N:N","UNIDENTIFIED"
"2024-GAM-GA24HT086","G","N","G:N","NEG"
"2024-GAM-GA24HT087","N","N","N:N","UNIDENTIFIED"
"2024-GAM-GA24HT088","G","N","G:N","NEG"
"2024-GAM-GA24HT089","N","N","N:N","UNIDENTIFIED"
"2024-BLANK-20","N","N","N:N","UNIDENTIFIED"
"2024-BLANK-21","N","N","N:N","UNIDENTIFIED"
"2024-BLANK-22","N","N","N:N","UNIDENTIFIED"
"2024-BLANK-23","N","N","N:N","UNIDENTIFIED"
"2024-BLANK-24","N","N","N:N","UNIDENTIFIED"
"2024-BLANK-25","N","N","N:N","UNIDENTIFIED"
"2024-BLANK-26","N","N","N:N","UNIDENTIFIED"
