"Locus","N_Expected","Markers","Pos","Het","Neg","Missing","Pos_Annot","Het_Annot","Neg_Annot","Missing_Annot","Unidentified_Haplotype"
"Lr34/Yr18",FALSE,"CHS21_7D048951070:CHS21_7D048955854:CHS21_7D048959797","C:G:T","M:R:W_C:R:W_C:R:T","C:A:A_A:G:T_C:A:N_C:A:W_C:N:A_N:A:A_N:A:T_C:A:T_C:N:T","N:N:N_N:N:A_N:A:N_N:N:T_N:N:W_N:R:N_C:N:N","Lr34/Yr18","Lr34/Yr18_het","non-Lr34/Yr18","ND","M:R:N"
"Glu-D1",FALSE,"CHS21_1D412735780:CHS21_1D414600348","G:C_N:C_G:N","K:S_N:S_T:S_K:C_G:S_K:G_K:N","T:G_N:G_T:N","N:N","5+10","het","2+12","ND","T:C"
"Glu-D1",FALSE,"CHS21_1D412735780:CHS21_1D414600348","G:C_N:C_G:N","K:S_N:S_T:S_K:C_G:S_K:G_K:N","T:G_N:G_T:N","N:N","5+10","het","2+12","ND","G:G"
"Ppd-B1_CS",TRUE,"KASP_TaPpdBJ001","A","W","T","na","Ppd-B1a_CS_insens","Ppd-B1a_CS_insens_het","non-Ppd-B1a_CS_insens","na","C"
"Ppd-B1_CS",TRUE,"KASP_TaPpdBJ001","A","W","T","na","Ppd-B1a_CS_insens","Ppd-B1a_CS_insens_het","non-Ppd-B1a_CS_insens","na","N"
"Ppd-B1_CS",TRUE,"KASP_TaPpdBJ001","A","W","T","na","Ppd-B1a_CS_insens","Ppd-B1a_CS_insens_het","non-Ppd-B1a_CS_insens","na","Y"
"Glu-A1",FALSE,"KASP_Glu-Ax2_IND","T","Y","C",NA,"Ax1_or_null","het","Ax2","ND","N"
"Vrn-A1b",FALSE,"KASP_Vrn-A1b-Marq","T","K","G","N:N","Vrn-A1b","Vrn-A1b_het","non-Vrn-A1b","ND","N"
"H13b",FALSE,"CHS21_6D029617257:KASP_6D30113169_C1","C:A","Y:R","C:G_T:G_T:N","N:N_C:N","H13b","H13_het","non-H13b","ND","N:G"
"H13b",FALSE,"CHS21_6D029617257:KASP_6D30113169_C1","C:A","Y:R","C:G_T:G_T:N","N:N_C:N","H13b","H13_het","non-H13b","ND","T:R"
"H13b",FALSE,"CHS21_6D029617257:KASP_6D30113169_C1","C:A","Y:R","C:G_T:G_T:N","N:N_C:N","H13b","H13_het","non-H13b","ND","Y:A"
"H13b",FALSE,"CHS21_6D029617257:KASP_6D30113169_C1","C:A","Y:R","C:G_T:G_T:N","N:N_C:N","H13b","H13_het","non-H13b","ND","N:A"
"H13b",FALSE,"CHS21_6D029617257:KASP_6D30113169_C1","C:A","Y:R","C:G_T:G_T:N","N:N_C:N","H13b","H13_het","non-H13b","ND","N:R"
"H13b",FALSE,"CHS21_6D029617257:KASP_6D30113169_C1","C:A","Y:R","C:G_T:G_T:N","N:N_C:N","H13b","H13_het","non-H13b","ND","Y:G"
"H13b",FALSE,"CHS21_6D029617257:KASP_6D30113169_C1","C:A","Y:R","C:G_T:G_T:N","N:N_C:N","H13b","H13_het","non-H13b","ND","C:R"
